2025-07-26 16:49:26,749 INFO: Validator initialized for mode: training
2025-07-26 16:49:26,749 INFO: Reading schema file...
2025-07-26 16:49:26,983 INFO: Schema loaded: 592 columns
2025-07-26 16:49:26,983 INFO: Setting up directories for validation...
2025-07-26 16:49:26,984 INFO: Removed existing directory: /workspaces/automated-semiconductor-fault-detection/data/training/good
2025-07-26 16:49:26,986 INFO: Created directory: /workspaces/automated-semiconductor-fault-detection/data/training/good
2025-07-26 16:49:26,987 INFO: Removed existing directory: /workspaces/automated-semiconductor-fault-detection/data/training/bad
2025-07-26 16:49:26,987 INFO: Created directory: /workspaces/automated-semiconductor-fault-detection/data/training/bad
2025-07-26 16:49:26,987 INFO: ============================================================
2025-07-26 16:49:26,987 INFO: === TRAINING Validation started at 2025-07-26 16:49:26 ===
2025-07-26 16:49:26,987 INFO: ============================================================
2025-07-26 16:49:26,987 INFO: Scanning input directory /workspaces/automated-semiconductor-fault-detection/data/training/input for CSV files...
2025-07-26 16:49:26,987 INFO: Found 43 CSV files to process
2025-07-26 16:49:26,987 INFO: Processing file: Waferdefault_15010_130532.csv
2025-07-26 16:49:26,988 WARNING: Invalid filename format: Waferdefault_15010_130532.csv
2025-07-26 16:49:26,988 INFO: Processing file: wafer_29012020_060756.csv
2025-07-26 16:49:26,989 INFO: Processing file: wafer_27012020_080912.csv
2025-07-26 16:49:26,989 INFO: Processing file: Wafer_11012020_151432.csv
2025-07-26 16:49:26,990 WARNING: Invalid filename format: Wafer_11012020_151432.csv
2025-07-26 16:49:27,169 INFO: [BAD] Waferdefault_15010_130532.csv: Invalid filename format
2025-07-26 16:49:27,170 INFO: Processing file: Wafer_24012020_150121.csv
2025-07-26 16:49:27,170 WARNING: Invalid filename format: Wafer_24012020_150121.csv
2025-07-26 16:49:27,267 INFO: [BAD] Wafer_11012020_151432.csv: Invalid filename format
2025-07-26 16:49:27,267 INFO: Processing file: wafer_23012020_041211.csv
2025-07-26 16:49:27,288 INFO: File SHA256: 32c908c1196125a8...
2025-07-26 16:49:27,290 INFO: File SHA256: 74ecb99db989ca16...
2025-07-26 16:49:27,292 INFO: Column validation passed using hash comparison.
2025-07-26 16:49:27,293 WARNING: Columns do not match schema
2025-07-26 16:49:27,293 WARNING: Column validation failed: Columns do not match schema
2025-07-26 16:49:27,311 INFO: [BAD] wafer_27012020_080912.csv: Columns do not match schema
2025-07-26 16:49:27,313 INFO: [BAD] Wafer_24012020_150121.csv: Invalid filename format
2025-07-26 16:49:27,313 INFO: Processing file: wafer_17012020_125434.csv
2025-07-26 16:49:27,319 INFO: Processing file: wafer_13012020_090817.csv
2025-07-26 16:49:27,319 INFO: [GOOD] wafer_29012020_060756_32c908c1.csv
2025-07-26 16:49:27,321 INFO: Processing file: Wafer_fault_detection.csv
2025-07-26 16:49:27,321 WARNING: Invalid filename format: Wafer_fault_detection.csv
2025-07-26 16:49:27,388 INFO: File SHA256: 1d78b5f96648b029...
2025-07-26 16:49:27,390 INFO: Column validation passed using hash comparison.
2025-07-26 16:49:27,407 INFO: [BAD] Wafer_fault_detection.csv: Invalid filename format
2025-07-26 16:49:27,408 INFO: Processing file: Wafer_22012020_173245.csv
2025-07-26 16:49:27,417 WARNING: Invalid filename format: Wafer_22012020_173245.csv
2025-07-26 16:49:27,440 INFO: [GOOD] wafer_23012020_041211_1d78b5f9.csv
2025-07-26 16:49:27,442 INFO: Processing file: Wafer_20012020_135132.csv
2025-07-26 16:49:27,443 WARNING: Invalid filename format: Wafer_20012020_135132.csv
2025-07-26 16:49:27,525 INFO: File SHA256: 685c90f461117301...
2025-07-26 16:49:27,526 INFO: Column validation passed using hash comparison.
2025-07-26 16:49:27,565 INFO: [GOOD] wafer_13012020_090817_685c90f4.csv
2025-07-26 16:49:27,567 INFO: Processing file: Wafer_15012020_130532.csv
2025-07-26 16:49:27,567 WARNING: Invalid filename format: Wafer_15012020_130532.csv
2025-07-26 16:49:27,614 INFO: [BAD] Wafer_22012020_173245.csv: Invalid filename format
2025-07-26 16:49:27,615 INFO: Processing file: wafer_20022020_090716.csv
2025-07-26 16:49:27,681 INFO: File SHA256: c6bc8191caaf5ecb...
2025-07-26 16:49:27,683 WARNING: Last column should be 'Output' or 'Good/Bad', got 'Sensor-590'
2025-07-26 16:49:27,684 WARNING: Column validation failed: Last column should be 'Output' or 'Good/Bad', got 'Sensor-590'
2025-07-26 16:49:27,685 INFO: [BAD] wafer_17012020_125434.csv: Last column should be 'Output' or 'Good/Bad', got 'Sensor-590'
2025-07-26 16:49:27,685 INFO: Processing file: Wafer_25012020_142112.csv
2025-07-26 16:49:27,685 WARNING: Invalid filename format: Wafer_25012020_142112.csv
2025-07-26 16:49:27,690 INFO: [BAD] Wafer_20012020_135132.csv: Invalid filename format
2025-07-26 16:49:27,691 INFO: Processing file: Wafer_21012020_143634.csv
2025-07-26 16:49:27,691 WARNING: Invalid filename format: Wafer_21012020_143634.csv
2025-07-26 16:49:27,717 INFO: [BAD] Wafer_15012020_130532.csv: Invalid filename format
2025-07-26 16:49:27,718 INFO: Processing file: Wafer_08012020_120000.csv
2025-07-26 16:49:27,718 WARNING: Invalid filename format: Wafer_08012020_120000.csv
2025-07-26 16:49:27,735 INFO: File SHA256: dd94e2657b6ccd31...
2025-07-26 16:49:27,736 INFO: Column validation passed using hash comparison.
2025-07-26 16:49:27,738 INFO: [BAD] Wafer_25012020_142112.csv: Invalid filename format
2025-07-26 16:49:27,738 INFO: Processing file: Wafer_07012020_223345.csv
2025-07-26 16:49:27,738 WARNING: Invalid filename format: Wafer_07012020_223345.csv
2025-07-26 16:49:27,749 INFO: [GOOD] wafer_20022020_090716_dd94e265.csv
2025-07-26 16:49:27,750 INFO: Processing file: Wafer_14012020_113045.csv
2025-07-26 16:49:27,750 WARNING: Invalid filename format: Wafer_14012020_113045.csv
2025-07-26 16:49:27,844 INFO: [BAD] Wafer_21012020_143634.csv: Invalid filename format
2025-07-26 16:49:27,844 INFO: Processing file: wafer_27012020_080911.csv
2025-07-26 16:49:28,020 INFO: [BAD] Wafer_08012020_120000.csv: Invalid filename format
2025-07-26 16:49:28,020 INFO: Processing file: wafer_16012020_134553.csv
2025-07-26 16:49:28,061 INFO: [BAD] Wafer_07012020_223345.csv: Invalid filename format
2025-07-26 16:49:28,061 INFO: Processing file: wafer_07012020_041011.csv
2025-07-26 16:49:28,063 INFO: [BAD] Wafer_14012020_113045.csv: Invalid filename format
2025-07-26 16:49:28,065 INFO: Processing file: wafer_16012020_051629.csv
2025-07-26 16:49:28,075 INFO: File SHA256: de0a888a8ee25bff...
2025-07-26 16:49:28,077 INFO: File SHA256: ba78fb9374372dad...
2025-07-26 16:49:28,079 INFO: Column validation passed using hash comparison.
2025-07-26 16:49:28,078 WARNING: Last column should be 'Output' or 'Good/Bad', got 'Sensor-590'
2025-07-26 16:49:28,091 WARNING: Column validation failed: Last column should be 'Output' or 'Good/Bad', got 'Sensor-590'
2025-07-26 16:49:28,090 INFO: File SHA256: e1e13189cb272301...
2025-07-26 16:49:28,100 INFO: Column validation passed using hash comparison.
2025-07-26 16:49:28,103 INFO: File SHA256: b86db3f4308196a0...
2025-07-26 16:49:28,111 INFO: [BAD] wafer_16012020_134553.csv: Last column should be 'Output' or 'Good/Bad', got 'Sensor-590'
2025-07-26 16:49:28,111 INFO: Processing file: Wafer_text_130532.csv
2025-07-26 16:49:28,111 WARNING: Invalid filename format: Wafer_text_130532.csv
2025-07-26 16:49:28,135 INFO: Column validation passed using hash comparison.
2025-07-26 16:49:28,140 INFO: [BAD] Wafer_text_130532.csv: Invalid filename format
2025-07-26 16:49:28,141 INFO: Processing file: wafer_20012020_090818.csv
2025-07-26 16:49:28,141 INFO: [GOOD] wafer_27012020_080911_ba78fb93.csv
2025-07-26 16:49:28,144 INFO: Processing file: Wafer_12012020_111213.csv
2025-07-26 16:49:28,175 WARNING: Invalid filename format: Wafer_12012020_111213.csv
2025-07-26 16:49:28,176 INFO: [GOOD] wafer_07012020_041011_e1e13189.csv
2025-07-26 16:49:28,177 INFO: Processing file: Wafer_10012020_131534.csv
2025-07-26 16:49:28,177 WARNING: Invalid filename format: Wafer_10012020_131534.csv
2025-07-26 16:49:28,178 INFO: [GOOD] wafer_16012020_051629_b86db3f4.csv
2025-07-26 16:49:28,179 INFO: Processing file: Wafer_23012020_163456.csv
2025-07-26 16:49:28,179 WARNING: Invalid filename format: Wafer_23012020_163456.csv
2025-07-26 16:49:28,223 INFO: [BAD] Wafer_12012020_111213.csv: Invalid filename format
2025-07-26 16:49:28,225 INFO: [BAD] Wafer_10012020_131534.csv: Invalid filename format
2025-07-26 16:49:28,225 INFO: Processing file: wafer_28042020_031911.csv
2025-07-26 16:49:28,226 INFO: Processing file: Wafer_13012020_141000.csv
2025-07-26 16:49:28,226 INFO: [BAD] Wafer_23012020_163456.csv: Invalid filename format
2025-07-26 16:49:28,226 WARNING: Invalid filename format: Wafer_13012020_141000.csv
2025-07-26 16:49:28,226 INFO: File SHA256: f1d2f61c83b11721...
2025-07-26 16:49:28,227 INFO: Processing file: wafer_21012020_080913.csv
2025-07-26 16:49:28,227 INFO: Column validation passed using hash comparison.
2025-07-26 16:49:28,228 WARNING: Column 'Sensor-16' expects float, got 'abc'
2025-07-26 16:49:28,228 WARNING: Row 6 dtype validation failed: Column 'Sensor-16' expects float, got 'abc'
2025-07-26 16:49:28,229 INFO: [BAD] wafer_20012020_090818.csv: Row 6: Column 'Sensor-16' expects float, got 'abc'
2025-07-26 16:49:28,229 INFO: Processing file: wafer_29012020_050617.csv
2025-07-26 16:49:28,373 INFO: [BAD] Wafer_13012020_141000.csv: Invalid filename format
2025-07-26 16:49:28,373 INFO: Processing file: Wafer_07012020_000000.csv
2025-07-26 16:49:28,374 WARNING: Invalid filename format: Wafer_07012020_000000.csv
2025-07-26 16:49:28,374 INFO: File SHA256: a54dc98c16a63418...
2025-07-26 16:49:28,375 INFO: Column validation passed using hash comparison.
2025-07-26 16:49:28,394 INFO: File SHA256: 8b7ece090bae683a...
2025-07-26 16:49:28,395 INFO: Column validation passed using hash comparison.
2025-07-26 16:49:28,413 INFO: File SHA256: d1605198b5041901...
2025-07-26 16:49:28,414 INFO: [GOOD] wafer_28042020_031911_a54dc98c.csv
2025-07-26 16:49:28,414 INFO: Column validation passed using hash comparison.
2025-07-26 16:49:28,415 INFO: Processing file: wafer_28012020_051011.csv
2025-07-26 16:49:28,416 INFO: [GOOD] wafer_29012020_050617_8b7ece09.csv
2025-07-26 16:49:28,433 INFO: Processing file: wafer_28012020_090817.csv
2025-07-26 16:49:28,450 INFO: [GOOD] wafer_21012020_080913_d1605198.csv
2025-07-26 16:49:28,453 INFO: Processing file: wafer_23012020_011008.csv
2025-07-26 16:49:28,453 INFO: [BAD] Wafer_07012020_000000.csv: Invalid filename format
2025-07-26 16:49:28,456 INFO: Processing file: Wafer12_20012.csv
2025-07-26 16:49:28,456 WARNING: Invalid filename format: Wafer12_20012.csv
2025-07-26 16:49:28,459 INFO: File SHA256: a6124fd085b75843...
2025-07-26 16:49:28,460 INFO: Column validation passed using hash comparison.
2025-07-26 16:49:28,483 INFO: [GOOD] wafer_28012020_051011_a6124fd0.csv
2025-07-26 16:49:28,484 INFO: File SHA256: 57d4d4b20e3f9157...
2025-07-26 16:49:28,484 INFO: [BAD] Wafer12_20012.csv: Invalid filename format
2025-07-26 16:49:28,484 INFO: Processing file: Wafer_15010_130532.csv
2025-07-26 16:49:28,484 WARNING: Invalid filename format: Wafer_15010_130532.csv
2025-07-26 16:49:28,486 INFO: Processing file: wafer_22022020_041119.csv
2025-07-26 16:49:28,487 INFO: Column validation passed using hash comparison.
2025-07-26 16:49:28,487 INFO: [BAD] Wafer_15010_130532.csv: Invalid filename format
2025-07-26 16:49:28,488 INFO: File SHA256: ad2f1ded6ecad58b...
2025-07-26 16:49:28,491 INFO: Column validation passed using hash comparison.
2025-07-26 16:49:28,509 INFO: Processing file: Wafer_19012020_141432.csv
2025-07-26 16:49:28,518 WARNING: Invalid filename format: Wafer_19012020_141432.csv
2025-07-26 16:49:28,518 INFO: File SHA256: 418c0260c3383dd7...
2025-07-26 16:49:28,523 INFO: Column validation passed using hash comparison.
2025-07-26 16:49:28,519 INFO: [GOOD] wafer_23012020_011008_ad2f1ded.csv
2025-07-26 16:49:28,560 INFO: Processing file: Wafer_18012020_121532.csv
2025-07-26 16:49:28,561 INFO: [GOOD] wafer_28012020_090817_57d4d4b2.csv
2025-07-26 16:49:28,562 WARNING: Invalid filename format: Wafer_18012020_121532.csv
2025-07-26 16:49:28,564 INFO: Processing file: wafer_20012020_090819.csv
2025-07-26 16:49:28,562 INFO: [GOOD] wafer_22022020_041119_418c0260.csv
2025-07-26 16:49:28,566 INFO: Processing file: wafer_31012020_090811.csv
2025-07-26 16:49:28,606 INFO: [BAD] Wafer_19012020_141432.csv: Invalid filename format
2025-07-26 16:49:28,609 INFO: Processing file: Wafer_12012020_111.csv
2025-07-26 16:49:28,607 INFO: [BAD] Wafer_18012020_121532.csv: Invalid filename format
2025-07-26 16:49:28,610 WARNING: Invalid filename format: Wafer_12012020_111.csv
2025-07-26 16:49:28,610 INFO: File SHA256: e0a35d2e6b52b2ce...
2025-07-26 16:49:28,611 INFO: File SHA256: e747459419f96d6c...
2025-07-26 16:49:28,611 INFO: Column validation passed using hash comparison.
2025-07-26 16:49:28,612 INFO: Column validation passed using hash comparison.
2025-07-26 16:49:28,630 INFO: [BAD] Wafer_12012020_111.csv: Invalid filename format
2025-07-26 16:49:28,648 INFO: [GOOD] wafer_20012020_090819_e0a35d2e.csv
2025-07-26 16:49:28,650 INFO: [GOOD] wafer_31012020_090811_e7474594.csv
2025-07-26 16:49:28,652 INFO: 
============================================================
Training Validation Summary:
Total files: 43
Valid files: 16 (37.2%)
Invalid files: 27 (62.8%)
Note: Missing value handling will occur during preprocessing stage
============================================================
2025-07-26 16:49:28,652 INFO: Rejection reasons:
2025-07-26 16:49:28,652 INFO:   Waferdefault_15010_130532.csv: Invalid filename format
2025-07-26 16:49:28,652 INFO:   Wafer_11012020_151432.csv: Invalid filename format
2025-07-26 16:49:28,652 INFO:   wafer_27012020_080912.csv: Columns do not match schema
2025-07-26 16:49:28,652 INFO:   Wafer_24012020_150121.csv: Invalid filename format
2025-07-26 16:49:28,652 INFO:   Wafer_fault_detection.csv: Invalid filename format
2025-07-26 16:49:28,652 INFO:   Wafer_22012020_173245.csv: Invalid filename format
2025-07-26 16:49:28,652 INFO:   wafer_17012020_125434.csv: Last column should be 'Output' or 'Good/Bad', got 'Sensor-590'
2025-07-26 16:49:28,652 INFO:   Wafer_20012020_135132.csv: Invalid filename format
2025-07-26 16:49:28,652 INFO:   Wafer_15012020_130532.csv: Invalid filename format
2025-07-26 16:49:28,652 INFO:   Wafer_25012020_142112.csv: Invalid filename format
2025-07-26 16:49:28,653 INFO:   Wafer_21012020_143634.csv: Invalid filename format
2025-07-26 16:49:28,653 INFO:   Wafer_08012020_120000.csv: Invalid filename format
2025-07-26 16:49:28,653 INFO:   Wafer_07012020_223345.csv: Invalid filename format
2025-07-26 16:49:28,653 INFO:   Wafer_14012020_113045.csv: Invalid filename format
2025-07-26 16:49:28,653 INFO:   wafer_16012020_134553.csv: Last column should be 'Output' or 'Good/Bad', got 'Sensor-590'
2025-07-26 16:49:28,653 INFO:   Wafer_text_130532.csv: Invalid filename format
2025-07-26 16:49:28,653 INFO:   Wafer_12012020_111213.csv: Invalid filename format
2025-07-26 16:49:28,653 INFO:   Wafer_10012020_131534.csv: Invalid filename format
2025-07-26 16:49:28,653 INFO:   Wafer_23012020_163456.csv: Invalid filename format
2025-07-26 16:49:28,653 INFO:   wafer_20012020_090818.csv: Row 6: Column 'Sensor-16' expects float, got 'abc'
2025-07-26 16:49:28,653 INFO:   Wafer_13012020_141000.csv: Invalid filename format
2025-07-26 16:49:28,653 INFO:   Wafer_07012020_000000.csv: Invalid filename format
2025-07-26 16:49:28,653 INFO:   Wafer12_20012.csv: Invalid filename format
2025-07-26 16:49:28,653 INFO:   Wafer_15010_130532.csv: Invalid filename format
2025-07-26 16:49:28,653 INFO:   Wafer_19012020_141432.csv: Invalid filename format
2025-07-26 16:49:28,653 INFO:   Wafer_18012020_121532.csv: Invalid filename format
2025-07-26 16:49:28,653 INFO:   Wafer_12012020_111.csv: Invalid filename format
2025-07-26 16:49:54,753 INFO: Validator initialized for mode: training
2025-07-26 16:49:54,753 INFO: Reading schema file...
2025-07-26 16:49:54,759 INFO: Schema loaded: 592 columns
2025-07-26 16:49:54,759 INFO: Setting up directories for validation...
2025-07-26 16:49:54,760 INFO: Removed existing directory: /workspaces/automated-semiconductor-fault-detection/data/training/good
2025-07-26 16:49:54,762 INFO: Created directory: /workspaces/automated-semiconductor-fault-detection/data/training/good
2025-07-26 16:49:54,762 INFO: Removed existing directory: /workspaces/automated-semiconductor-fault-detection/data/training/bad
2025-07-26 16:49:54,762 INFO: Created directory: /workspaces/automated-semiconductor-fault-detection/data/training/bad
2025-07-26 16:49:54,762 INFO: ============================================================
2025-07-26 16:49:54,762 INFO: === TRAINING Validation started at 2025-07-26 16:49:54 ===
2025-07-26 16:49:54,762 INFO: ============================================================
2025-07-26 16:49:54,762 INFO: Scanning input directory /workspaces/automated-semiconductor-fault-detection/data/training/input for CSV files...
2025-07-26 16:49:54,763 INFO: Found 43 CSV files to process
2025-07-26 16:49:54,763 INFO: Processing file: Waferdefault_15010_130532.csv
2025-07-26 16:49:54,764 WARNING: Invalid filename format: Waferdefault_15010_130532.csv
2025-07-26 16:49:54,765 INFO: [BAD] Waferdefault_15010_130532.csv: Invalid filename format
2025-07-26 16:49:54,765 INFO: Processing file: wafer_27012020_080912.csv
2025-07-26 16:49:54,764 INFO: Processing file: wafer_29012020_060756.csv
2025-07-26 16:49:54,766 INFO: File SHA256: 32c908c1196125a8...
2025-07-26 16:49:54,767 INFO: Column validation passed using hash comparison.
2025-07-26 16:49:54,768 INFO: File SHA256: 74ecb99db989ca16...
2025-07-26 16:49:54,777 INFO: Processing file: Wafer_11012020_151432.csv
2025-07-26 16:49:54,777 INFO: Processing file: Wafer_24012020_150121.csv
2025-07-26 16:49:54,789 WARNING: Columns do not match schema
2025-07-26 16:49:54,789 WARNING: Invalid filename format: Wafer_11012020_151432.csv
2025-07-26 16:49:54,789 INFO: [GOOD] wafer_29012020_060756_32c908c1.csv
2025-07-26 16:49:54,790 WARNING: Invalid filename format: Wafer_24012020_150121.csv
2025-07-26 16:49:54,790 WARNING: Column validation failed: Columns do not match schema
2025-07-26 16:49:54,792 INFO: Processing file: wafer_23012020_041211.csv
2025-07-26 16:49:54,792 INFO: [BAD] Wafer_11012020_151432.csv: Invalid filename format
2025-07-26 16:49:54,792 INFO: [BAD] wafer_27012020_080912.csv: Columns do not match schema
2025-07-26 16:49:54,793 INFO: [BAD] Wafer_24012020_150121.csv: Invalid filename format
2025-07-26 16:49:54,794 INFO: Processing file: wafer_17012020_125434.csv
2025-07-26 16:49:54,795 INFO: File SHA256: c6bc8191caaf5ecb...
2025-07-26 16:49:54,795 WARNING: Last column should be 'Output' or 'Good/Bad', got 'Sensor-590'
2025-07-26 16:49:54,796 WARNING: Column validation failed: Last column should be 'Output' or 'Good/Bad', got 'Sensor-590'
2025-07-26 16:49:54,796 INFO: [BAD] wafer_17012020_125434.csv: Last column should be 'Output' or 'Good/Bad', got 'Sensor-590'
2025-07-26 16:49:54,797 INFO: Processing file: wafer_13012020_090817.csv
2025-07-26 16:49:54,798 INFO: File SHA256: 1d78b5f96648b029...
2025-07-26 16:49:54,798 INFO: Processing file: Wafer_fault_detection.csv
2025-07-26 16:49:54,799 INFO: File SHA256: 685c90f461117301...
2025-07-26 16:49:54,800 INFO: Column validation passed using hash comparison.
2025-07-26 16:49:54,800 WARNING: Invalid filename format: Wafer_fault_detection.csv
2025-07-26 16:49:54,804 INFO: [BAD] Wafer_fault_detection.csv: Invalid filename format
2025-07-26 16:49:54,803 INFO: Processing file: Wafer_22012020_173245.csv
2025-07-26 16:49:54,802 INFO: Column validation passed using hash comparison.
2025-07-26 16:49:54,804 WARNING: Invalid filename format: Wafer_22012020_173245.csv
2025-07-26 16:49:54,811 INFO: [BAD] Wafer_22012020_173245.csv: Invalid filename format
2025-07-26 16:49:54,812 INFO: Processing file: Wafer_20012020_135132.csv
2025-07-26 16:49:54,822 WARNING: Invalid filename format: Wafer_20012020_135132.csv
2025-07-26 16:49:54,823 INFO: [BAD] Wafer_20012020_135132.csv: Invalid filename format
2025-07-26 16:49:54,823 INFO: Processing file: Wafer_15012020_130532.csv
2025-07-26 16:49:54,834 WARNING: Invalid filename format: Wafer_15012020_130532.csv
2025-07-26 16:49:54,834 INFO: Processing file: wafer_20022020_090716.csv
2025-07-26 16:49:54,837 INFO: File SHA256: dd94e2657b6ccd31...
2025-07-26 16:49:54,838 INFO: Column validation passed using hash comparison.
2025-07-26 16:49:54,841 INFO: [BAD] Wafer_15012020_130532.csv: Invalid filename format
2025-07-26 16:49:54,847 INFO: Processing file: Wafer_25012020_142112.csv
2025-07-26 16:49:54,847 WARNING: Invalid filename format: Wafer_25012020_142112.csv
2025-07-26 16:49:54,853 INFO: [BAD] Wafer_25012020_142112.csv: Invalid filename format
2025-07-26 16:49:54,854 INFO: Processing file: Wafer_21012020_143634.csv
2025-07-26 16:49:54,854 WARNING: Invalid filename format: Wafer_21012020_143634.csv
2025-07-26 16:49:54,861 INFO: [BAD] Wafer_21012020_143634.csv: Invalid filename format
2025-07-26 16:49:54,862 INFO: Processing file: Wafer_08012020_120000.csv
2025-07-26 16:49:54,862 WARNING: Invalid filename format: Wafer_08012020_120000.csv
2025-07-26 16:49:54,872 INFO: [BAD] Wafer_08012020_120000.csv: Invalid filename format
2025-07-26 16:49:54,873 INFO: Processing file: Wafer_07012020_223345.csv
2025-07-26 16:49:54,873 WARNING: Invalid filename format: Wafer_07012020_223345.csv
2025-07-26 16:49:54,876 INFO: [GOOD] wafer_23012020_041211_1d78b5f9.csv
2025-07-26 16:49:54,878 INFO: Processing file: Wafer_14012020_113045.csv
2025-07-26 16:49:54,882 INFO: [BAD] Wafer_07012020_223345.csv: Invalid filename format
2025-07-26 16:49:54,888 INFO: Processing file: wafer_27012020_080911.csv
2025-07-26 16:49:54,889 INFO: File SHA256: ba78fb9374372dad...
2025-07-26 16:49:54,890 INFO: Column validation passed using hash comparison.
2025-07-26 16:49:54,883 WARNING: Invalid filename format: Wafer_14012020_113045.csv
2025-07-26 16:49:54,892 INFO: [BAD] Wafer_14012020_113045.csv: Invalid filename format
2025-07-26 16:49:54,892 INFO: Processing file: wafer_16012020_134553.csv
2025-07-26 16:49:54,893 INFO: File SHA256: de0a888a8ee25bff...
2025-07-26 16:49:54,893 INFO: [GOOD] wafer_20022020_090716_dd94e265.csv
2025-07-26 16:49:54,904 INFO: Processing file: wafer_07012020_041011.csv
2025-07-26 16:49:54,903 WARNING: Last column should be 'Output' or 'Good/Bad', got 'Sensor-590'
2025-07-26 16:49:54,919 WARNING: Column validation failed: Last column should be 'Output' or 'Good/Bad', got 'Sensor-590'
2025-07-26 16:49:54,919 INFO: [GOOD] wafer_27012020_080911_ba78fb93.csv
2025-07-26 16:49:54,920 INFO: [BAD] wafer_16012020_134553.csv: Last column should be 'Output' or 'Good/Bad', got 'Sensor-590'
2025-07-26 16:49:54,921 INFO: Processing file: wafer_16012020_051629.csv
2025-07-26 16:49:54,921 INFO: File SHA256: e1e13189cb272301...
2025-07-26 16:49:54,921 INFO: Processing file: Wafer_text_130532.csv
2025-07-26 16:49:54,922 INFO: [GOOD] wafer_13012020_090817_685c90f4.csv
2025-07-26 16:49:54,922 INFO: Column validation passed using hash comparison.
2025-07-26 16:49:54,923 WARNING: Invalid filename format: Wafer_text_130532.csv
2025-07-26 16:49:54,924 INFO: Processing file: wafer_20012020_090818.csv
2025-07-26 16:49:54,941 INFO: [BAD] Wafer_text_130532.csv: Invalid filename format
2025-07-26 16:49:54,942 INFO: File SHA256: b86db3f4308196a0...
2025-07-26 16:49:54,943 INFO: Processing file: Wafer_12012020_111213.csv
2025-07-26 16:49:54,943 INFO: Column validation passed using hash comparison.
2025-07-26 16:49:54,943 WARNING: Invalid filename format: Wafer_12012020_111213.csv
2025-07-26 16:49:54,950 INFO: [BAD] Wafer_12012020_111213.csv: Invalid filename format
2025-07-26 16:49:54,949 INFO: [GOOD] wafer_07012020_041011_e1e13189.csv
2025-07-26 16:49:54,943 INFO: File SHA256: f1d2f61c83b11721...
2025-07-26 16:49:54,952 INFO: Processing file: Wafer_10012020_131534.csv
2025-07-26 16:49:54,953 INFO: Processing file: Wafer_23012020_163456.csv
2025-07-26 16:49:54,953 WARNING: Invalid filename format: Wafer_10012020_131534.csv
2025-07-26 16:49:54,954 INFO: Column validation passed using hash comparison.
2025-07-26 16:49:54,968 WARNING: Invalid filename format: Wafer_23012020_163456.csv
2025-07-26 16:49:54,969 WARNING: Column 'Sensor-16' expects float, got 'abc'
2025-07-26 16:49:54,970 WARNING: Row 6 dtype validation failed: Column 'Sensor-16' expects float, got 'abc'
2025-07-26 16:49:54,970 INFO: [BAD] Wafer_23012020_163456.csv: Invalid filename format
2025-07-26 16:49:54,971 INFO: Processing file: wafer_28042020_031911.csv
2025-07-26 16:49:54,971 INFO: [GOOD] wafer_16012020_051629_b86db3f4.csv
2025-07-26 16:49:54,973 INFO: Processing file: Wafer_13012020_141000.csv
2025-07-26 16:49:54,973 INFO: [BAD] Wafer_10012020_131534.csv: Invalid filename format
2025-07-26 16:49:54,973 WARNING: Invalid filename format: Wafer_13012020_141000.csv
2025-07-26 16:49:54,973 INFO: [BAD] wafer_20012020_090818.csv: Row 6: Column 'Sensor-16' expects float, got 'abc'
2025-07-26 16:49:54,974 INFO: Processing file: wafer_21012020_080913.csv
2025-07-26 16:49:54,974 INFO: Processing file: wafer_29012020_050617.csv
2025-07-26 16:49:54,975 INFO: File SHA256: a54dc98c16a63418...
2025-07-26 16:49:54,976 INFO: [BAD] Wafer_13012020_141000.csv: Invalid filename format
2025-07-26 16:49:54,976 INFO: File SHA256: 8b7ece090bae683a...
2025-07-26 16:49:54,977 INFO: Column validation passed using hash comparison.
2025-07-26 16:49:54,977 INFO: Processing file: Wafer_07012020_000000.csv
2025-07-26 16:49:54,994 WARNING: Invalid filename format: Wafer_07012020_000000.csv
2025-07-26 16:49:54,994 INFO: [BAD] Wafer_07012020_000000.csv: Invalid filename format
2025-07-26 16:49:54,977 INFO: Column validation passed using hash comparison.
2025-07-26 16:49:54,994 INFO: [GOOD] wafer_29012020_050617_8b7ece09.csv
2025-07-26 16:49:54,995 INFO: Processing file: wafer_28012020_051011.csv
2025-07-26 16:49:54,993 INFO: File SHA256: d1605198b5041901...
2025-07-26 16:49:55,005 INFO: Processing file: wafer_28012020_090817.csv
2025-07-26 16:49:55,015 INFO: Column validation passed using hash comparison.
2025-07-26 16:49:55,034 INFO: [GOOD] wafer_28042020_031911_a54dc98c.csv
2025-07-26 16:49:55,036 INFO: Processing file: wafer_23012020_011008.csv
2025-07-26 16:49:55,036 INFO: File SHA256: a6124fd085b75843...
2025-07-26 16:49:55,037 INFO: Column validation passed using hash comparison.
2025-07-26 16:49:55,053 INFO: [GOOD] wafer_21012020_080913_d1605198.csv
2025-07-26 16:49:55,055 INFO: Processing file: Wafer12_20012.csv
2025-07-26 16:49:55,055 INFO: File SHA256: 57d4d4b20e3f9157...
2025-07-26 16:49:55,055 WARNING: Invalid filename format: Wafer12_20012.csv
2025-07-26 16:49:55,055 INFO: File SHA256: ad2f1ded6ecad58b...
2025-07-26 16:49:55,057 INFO: Column validation passed using hash comparison.
2025-07-26 16:49:55,057 INFO: [GOOD] wafer_28012020_051011_a6124fd0.csv
2025-07-26 16:49:55,057 INFO: Column validation passed using hash comparison.
2025-07-26 16:49:55,075 INFO: [GOOD] wafer_23012020_011008_ad2f1ded.csv
2025-07-26 16:49:55,075 INFO: [BAD] Wafer12_20012.csv: Invalid filename format
2025-07-26 16:49:55,094 INFO: Processing file: Wafer_19012020_141432.csv
2025-07-26 16:49:55,094 WARNING: Invalid filename format: Wafer_19012020_141432.csv
2025-07-26 16:49:55,058 INFO: Processing file: Wafer_15010_130532.csv
2025-07-26 16:49:55,094 WARNING: Invalid filename format: Wafer_15010_130532.csv
2025-07-26 16:49:55,094 INFO: Processing file: wafer_22022020_041119.csv
2025-07-26 16:49:55,096 INFO: [BAD] Wafer_19012020_141432.csv: Invalid filename format
2025-07-26 16:49:55,096 INFO: [GOOD] wafer_28012020_090817_57d4d4b2.csv
2025-07-26 16:49:55,098 INFO: Processing file: Wafer_18012020_121532.csv
2025-07-26 16:49:55,098 INFO: [BAD] Wafer_15010_130532.csv: Invalid filename format
2025-07-26 16:49:55,098 INFO: Processing file: wafer_20012020_090819.csv
2025-07-26 16:49:55,098 WARNING: Invalid filename format: Wafer_18012020_121532.csv
2025-07-26 16:49:55,098 INFO: Processing file: wafer_31012020_090811.csv
2025-07-26 16:49:55,099 INFO: File SHA256: 418c0260c3383dd7...
2025-07-26 16:49:55,100 INFO: Column validation passed using hash comparison.
2025-07-26 16:49:55,116 INFO: [BAD] Wafer_18012020_121532.csv: Invalid filename format
2025-07-26 16:49:55,117 INFO: File SHA256: e0a35d2e6b52b2ce...
2025-07-26 16:49:55,118 INFO: Processing file: Wafer_12012020_111.csv
2025-07-26 16:49:55,118 INFO: Column validation passed using hash comparison.
2025-07-26 16:49:55,119 WARNING: Invalid filename format: Wafer_12012020_111.csv
2025-07-26 16:49:55,119 INFO: File SHA256: e747459419f96d6c...
2025-07-26 16:49:55,136 INFO: [GOOD] wafer_22022020_041119_418c0260.csv
2025-07-26 16:49:55,137 INFO: Column validation passed using hash comparison.
2025-07-26 16:49:55,140 INFO: [GOOD] wafer_20012020_090819_e0a35d2e.csv
2025-07-26 16:49:55,156 INFO: [BAD] Wafer_12012020_111.csv: Invalid filename format
2025-07-26 16:49:55,158 INFO: [GOOD] wafer_31012020_090811_e7474594.csv
2025-07-26 16:49:55,160 INFO: 
============================================================
Training Validation Summary:
Total files: 43
Valid files: 16 (37.2%)
Invalid files: 27 (62.8%)
Note: Missing value handling will occur during preprocessing stage
============================================================
2025-07-26 16:49:55,160 INFO: Rejection reasons:
2025-07-26 16:49:55,160 INFO:   Waferdefault_15010_130532.csv: Invalid filename format
2025-07-26 16:49:55,160 INFO:   Wafer_11012020_151432.csv: Invalid filename format
2025-07-26 16:49:55,160 INFO:   wafer_27012020_080912.csv: Columns do not match schema
2025-07-26 16:49:55,160 INFO:   Wafer_24012020_150121.csv: Invalid filename format
2025-07-26 16:49:55,160 INFO:   wafer_17012020_125434.csv: Last column should be 'Output' or 'Good/Bad', got 'Sensor-590'
2025-07-26 16:49:55,161 INFO:   Wafer_fault_detection.csv: Invalid filename format
2025-07-26 16:49:55,161 INFO:   Wafer_22012020_173245.csv: Invalid filename format
2025-07-26 16:49:55,161 INFO:   Wafer_20012020_135132.csv: Invalid filename format
2025-07-26 16:49:55,161 INFO:   Wafer_15012020_130532.csv: Invalid filename format
2025-07-26 16:49:55,161 INFO:   Wafer_25012020_142112.csv: Invalid filename format
2025-07-26 16:49:55,161 INFO:   Wafer_21012020_143634.csv: Invalid filename format
2025-07-26 16:49:55,161 INFO:   Wafer_08012020_120000.csv: Invalid filename format
2025-07-26 16:49:55,161 INFO:   Wafer_07012020_223345.csv: Invalid filename format
2025-07-26 16:49:55,161 INFO:   Wafer_14012020_113045.csv: Invalid filename format
2025-07-26 16:49:55,161 INFO:   wafer_16012020_134553.csv: Last column should be 'Output' or 'Good/Bad', got 'Sensor-590'
2025-07-26 16:49:55,161 INFO:   Wafer_text_130532.csv: Invalid filename format
2025-07-26 16:49:55,161 INFO:   Wafer_12012020_111213.csv: Invalid filename format
2025-07-26 16:49:55,161 INFO:   Wafer_23012020_163456.csv: Invalid filename format
2025-07-26 16:49:55,161 INFO:   Wafer_10012020_131534.csv: Invalid filename format
2025-07-26 16:49:55,161 INFO:   wafer_20012020_090818.csv: Row 6: Column 'Sensor-16' expects float, got 'abc'
2025-07-26 16:49:55,161 INFO:   Wafer_13012020_141000.csv: Invalid filename format
2025-07-26 16:49:55,161 INFO:   Wafer_07012020_000000.csv: Invalid filename format
2025-07-26 16:49:55,161 INFO:   Wafer12_20012.csv: Invalid filename format
2025-07-26 16:49:55,162 INFO:   Wafer_19012020_141432.csv: Invalid filename format
2025-07-26 16:49:55,162 INFO:   Wafer_15010_130532.csv: Invalid filename format
2025-07-26 16:49:55,162 INFO:   Wafer_18012020_121532.csv: Invalid filename format
2025-07-26 16:49:55,162 INFO:   Wafer_12012020_111.csv: Invalid filename format
2025-07-30 14:27:43,921 INFO: Validator initialized for mode: training
2025-07-30 14:27:43,921 INFO: Reading schema file...
2025-07-30 14:27:44,177 INFO: Schema loaded: 592 columns
2025-07-30 14:27:44,177 INFO: Setting up directories for validation...
2025-07-30 14:27:44,191 INFO: Removed existing directory: /workspaces/automated-semiconductor-fault-detection/data/training/good
2025-07-30 14:27:44,192 INFO: Created directory: /workspaces/automated-semiconductor-fault-detection/data/training/good
2025-07-30 14:27:44,209 INFO: Removed existing directory: /workspaces/automated-semiconductor-fault-detection/data/training/bad
2025-07-30 14:27:44,209 INFO: Created directory: /workspaces/automated-semiconductor-fault-detection/data/training/bad
2025-07-30 14:27:44,209 INFO: ============================================================
2025-07-30 14:27:44,209 INFO: === TRAINING Validation started at 2025-07-30 14:27:44 ===
2025-07-30 14:27:44,209 INFO: ============================================================
2025-07-30 14:27:44,209 INFO: Scanning input directory /workspaces/automated-semiconductor-fault-detection/data/training/input for CSV files...
2025-07-30 14:27:44,209 INFO: Found 43 CSV files to process
2025-07-30 14:27:44,211 INFO: Processing file: Waferdefault_15010_130532.csv
2025-07-30 14:27:44,211 INFO: Processing file: wafer_29012020_060756.csv
2025-07-30 14:27:44,212 WARNING: Invalid filename format: Waferdefault_15010_130532.csv
2025-07-30 14:27:44,212 INFO: Processing file: wafer_27012020_080912.csv
2025-07-30 14:27:44,212 INFO: Processing file: Wafer_11012020_151432.csv
2025-07-30 14:27:44,213 WARNING: Invalid filename format: Wafer_11012020_151432.csv
2025-07-30 14:27:44,215 INFO: File SHA256: 32c908c1196125a8...
2025-07-30 14:27:44,215 INFO: [BAD] Waferdefault_15010_130532.csv: Invalid filename format
2025-07-30 14:27:44,216 INFO: Column validation passed using hash comparison.
2025-07-30 14:27:44,216 INFO: File SHA256: 74ecb99db989ca16...
2025-07-30 14:27:44,216 INFO: Processing file: Wafer_24012020_150121.csv
2025-07-30 14:27:44,234 INFO: [BAD] Wafer_11012020_151432.csv: Invalid filename format
2025-07-30 14:27:44,235 INFO: [GOOD] wafer_29012020_060756_32c908c1.csv
2025-07-30 14:27:44,235 WARNING: Columns do not match schema
2025-07-30 14:27:44,235 WARNING: Invalid filename format: Wafer_24012020_150121.csv
2025-07-30 14:27:44,237 INFO: Processing file: wafer_23012020_041211.csv
2025-07-30 14:27:44,237 WARNING: Column validation failed: Columns do not match schema
2025-07-30 14:27:44,237 INFO: Processing file: wafer_17012020_125434.csv
2025-07-30 14:27:44,239 INFO: [BAD] Wafer_24012020_150121.csv: Invalid filename format
2025-07-30 14:27:44,240 INFO: [BAD] wafer_27012020_080912.csv: Columns do not match schema
2025-07-30 14:27:44,240 INFO: Processing file: wafer_13012020_090817.csv
2025-07-30 14:27:44,240 INFO: Processing file: Wafer_fault_detection.csv
2025-07-30 14:27:44,241 WARNING: Invalid filename format: Wafer_fault_detection.csv
2025-07-30 14:27:44,241 INFO: File SHA256: 1d78b5f96648b029...
2025-07-30 14:27:44,242 INFO: Column validation passed using hash comparison.
2025-07-30 14:27:44,261 INFO: [GOOD] wafer_23012020_041211_1d78b5f9.csv
2025-07-30 14:27:44,262 INFO: Processing file: Wafer_22012020_173245.csv
2025-07-30 14:27:44,263 WARNING: Invalid filename format: Wafer_22012020_173245.csv
2025-07-30 14:27:44,263 INFO: File SHA256: 685c90f461117301...
2025-07-30 14:27:44,264 INFO: Column validation passed using hash comparison.
2025-07-30 14:27:44,266 INFO: File SHA256: c6bc8191caaf5ecb...
2025-07-30 14:27:44,266 WARNING: Last column should be 'Output' or 'Good/Bad', got 'Sensor-590'
2025-07-30 14:27:44,267 WARNING: Column validation failed: Last column should be 'Output' or 'Good/Bad', got 'Sensor-590'
2025-07-30 14:27:44,267 INFO: [BAD] Wafer_fault_detection.csv: Invalid filename format
2025-07-30 14:27:44,285 INFO: [BAD] wafer_17012020_125434.csv: Last column should be 'Output' or 'Good/Bad', got 'Sensor-590'
2025-07-30 14:27:44,285 INFO: Processing file: Wafer_20012020_135132.csv
2025-07-30 14:27:44,285 WARNING: Invalid filename format: Wafer_20012020_135132.csv
2025-07-30 14:27:44,286 INFO: Processing file: Wafer_15012020_130532.csv
2025-07-30 14:27:44,286 WARNING: Invalid filename format: Wafer_15012020_130532.csv
2025-07-30 14:27:44,286 INFO: [GOOD] wafer_13012020_090817_685c90f4.csv
2025-07-30 14:27:44,289 INFO: Processing file: wafer_20022020_090716.csv
2025-07-30 14:27:44,289 INFO: [BAD] Wafer_22012020_173245.csv: Invalid filename format
2025-07-30 14:27:44,289 INFO: Processing file: Wafer_25012020_142112.csv
2025-07-30 14:27:44,289 WARNING: Invalid filename format: Wafer_25012020_142112.csv
2025-07-30 14:27:44,291 INFO: [BAD] Wafer_15012020_130532.csv: Invalid filename format
2025-07-30 14:27:44,291 INFO: Processing file: Wafer_21012020_143634.csv
2025-07-30 14:27:44,292 WARNING: Invalid filename format: Wafer_21012020_143634.csv
2025-07-30 14:27:44,292 INFO: [BAD] Wafer_20012020_135132.csv: Invalid filename format
2025-07-30 14:27:44,294 INFO: Processing file: Wafer_08012020_120000.csv
2025-07-30 14:27:44,294 WARNING: Invalid filename format: Wafer_08012020_120000.csv
2025-07-30 14:27:44,294 INFO: [BAD] Wafer_08012020_120000.csv: Invalid filename format
2025-07-30 14:27:44,294 INFO: Processing file: Wafer_07012020_223345.csv
2025-07-30 14:27:44,294 WARNING: Invalid filename format: Wafer_07012020_223345.csv
2025-07-30 14:27:44,295 INFO: [BAD] Wafer_07012020_223345.csv: Invalid filename format
2025-07-30 14:27:44,295 INFO: Processing file: Wafer_14012020_113045.csv
2025-07-30 14:27:44,295 WARNING: Invalid filename format: Wafer_14012020_113045.csv
2025-07-30 14:27:44,296 INFO: [BAD] Wafer_25012020_142112.csv: Invalid filename format
2025-07-30 14:27:44,296 INFO: Processing file: wafer_27012020_080911.csv
2025-07-30 14:27:44,298 INFO: File SHA256: ba78fb9374372dad...
2025-07-30 14:27:44,300 INFO: [BAD] Wafer_21012020_143634.csv: Invalid filename format
2025-07-30 14:27:44,300 INFO: Processing file: wafer_16012020_134553.csv
2025-07-30 14:27:44,300 INFO: File SHA256: dd94e2657b6ccd31...
2025-07-30 14:27:44,301 INFO: Column validation passed using hash comparison.
2025-07-30 14:27:44,302 INFO: Column validation passed using hash comparison.
2025-07-30 14:27:44,304 INFO: File SHA256: de0a888a8ee25bff...
2025-07-30 14:27:44,305 WARNING: Last column should be 'Output' or 'Good/Bad', got 'Sensor-590'
2025-07-30 14:27:44,310 WARNING: Column validation failed: Last column should be 'Output' or 'Good/Bad', got 'Sensor-590'
2025-07-30 14:27:44,311 INFO: [GOOD] wafer_20022020_090716_dd94e265.csv
2025-07-30 14:27:44,327 INFO: [BAD] Wafer_14012020_113045.csv: Invalid filename format
2025-07-30 14:27:44,328 INFO: [GOOD] wafer_27012020_080911_ba78fb93.csv
2025-07-30 14:27:44,328 INFO: Processing file: wafer_07012020_041011.csv
2025-07-30 14:27:44,329 INFO: Processing file: wafer_16012020_051629.csv
2025-07-30 14:27:44,329 INFO: [BAD] wafer_16012020_134553.csv: Last column should be 'Output' or 'Good/Bad', got 'Sensor-590'
2025-07-30 14:27:44,330 INFO: Processing file: Wafer_text_130532.csv
2025-07-30 14:27:44,330 WARNING: Invalid filename format: Wafer_text_130532.csv
2025-07-30 14:27:44,330 INFO: [BAD] Wafer_text_130532.csv: Invalid filename format
2025-07-30 14:27:44,330 INFO: Processing file: wafer_20012020_090818.csv
2025-07-30 14:27:44,332 INFO: Processing file: Wafer_12012020_111213.csv
2025-07-30 14:27:44,332 INFO: File SHA256: b86db3f4308196a0...
2025-07-30 14:27:44,333 WARNING: Invalid filename format: Wafer_12012020_111213.csv
2025-07-30 14:27:44,333 INFO: Column validation passed using hash comparison.
2025-07-30 14:27:44,337 INFO: [BAD] Wafer_12012020_111213.csv: Invalid filename format
2025-07-30 14:27:44,337 INFO: Processing file: Wafer_10012020_131534.csv
2025-07-30 14:27:44,337 WARNING: Invalid filename format: Wafer_10012020_131534.csv
2025-07-30 14:27:44,338 INFO: File SHA256: e1e13189cb272301...
2025-07-30 14:27:44,338 INFO: File SHA256: f1d2f61c83b11721...
2025-07-30 14:27:44,350 INFO: Column validation passed using hash comparison.
2025-07-30 14:27:44,351 WARNING: Column 'Sensor-16' expects float, got 'abc'
2025-07-30 14:27:44,346 INFO: Column validation passed using hash comparison.
2025-07-30 14:27:44,346 INFO: [BAD] Wafer_10012020_131534.csv: Invalid filename format
2025-07-30 14:27:44,361 WARNING: Row 6 dtype validation failed: Column 'Sensor-16' expects float, got 'abc'
2025-07-30 14:27:44,379 INFO: Processing file: Wafer_23012020_163456.csv
2025-07-30 14:27:44,379 INFO: [GOOD] wafer_16012020_051629_b86db3f4.csv
2025-07-30 14:27:44,379 INFO: [GOOD] wafer_07012020_041011_e1e13189.csv
2025-07-30 14:27:44,380 INFO: [BAD] wafer_20012020_090818.csv: Row 6: Column 'Sensor-16' expects float, got 'abc'
2025-07-30 14:27:44,380 WARNING: Invalid filename format: Wafer_23012020_163456.csv
2025-07-30 14:27:44,381 INFO: Processing file: wafer_28042020_031911.csv
2025-07-30 14:27:44,382 INFO: Processing file: Wafer_13012020_141000.csv
2025-07-30 14:27:44,382 INFO: Processing file: wafer_21012020_080913.csv
2025-07-30 14:27:44,383 WARNING: Invalid filename format: Wafer_13012020_141000.csv
2025-07-30 14:27:44,387 INFO: [BAD] Wafer_23012020_163456.csv: Invalid filename format
2025-07-30 14:27:44,387 INFO: Processing file: wafer_29012020_050617.csv
2025-07-30 14:27:44,388 INFO: File SHA256: a54dc98c16a63418...
2025-07-30 14:27:44,390 INFO: Column validation passed using hash comparison.
2025-07-30 14:27:44,392 INFO: [BAD] Wafer_13012020_141000.csv: Invalid filename format
2025-07-30 14:27:44,392 INFO: Processing file: Wafer_07012020_000000.csv
2025-07-30 14:27:44,392 WARNING: Invalid filename format: Wafer_07012020_000000.csv
2025-07-30 14:27:44,392 INFO: File SHA256: d1605198b5041901...
2025-07-30 14:27:44,394 INFO: Column validation passed using hash comparison.
2025-07-30 14:27:44,427 INFO: [BAD] Wafer_07012020_000000.csv: Invalid filename format
2025-07-30 14:27:44,428 INFO: Processing file: wafer_28012020_051011.csv
2025-07-30 14:27:44,428 INFO: File SHA256: 8b7ece090bae683a...
2025-07-30 14:27:44,427 INFO: [GOOD] wafer_21012020_080913_d1605198.csv
2025-07-30 14:27:44,429 INFO: Column validation passed using hash comparison.
2025-07-30 14:27:44,430 INFO: Processing file: wafer_28012020_090817.csv
2025-07-30 14:27:44,430 INFO: [GOOD] wafer_28042020_031911_a54dc98c.csv
2025-07-30 14:27:44,449 INFO: Processing file: wafer_23012020_011008.csv
2025-07-30 14:27:44,450 INFO: [GOOD] wafer_29012020_050617_8b7ece09.csv
2025-07-30 14:27:44,451 INFO: Processing file: Wafer12_20012.csv
2025-07-30 14:27:44,451 WARNING: Invalid filename format: Wafer12_20012.csv
2025-07-30 14:27:44,452 INFO: File SHA256: a6124fd085b75843...
2025-07-30 14:27:44,453 INFO: Column validation passed using hash comparison.
2025-07-30 14:27:44,458 INFO: [BAD] Wafer12_20012.csv: Invalid filename format
2025-07-30 14:27:44,469 INFO: File SHA256: ad2f1ded6ecad58b...
2025-07-30 14:27:44,469 INFO: Processing file: Wafer_15010_130532.csv
2025-07-30 14:27:44,469 WARNING: Invalid filename format: Wafer_15010_130532.csv
2025-07-30 14:27:44,478 INFO: Column validation passed using hash comparison.
2025-07-30 14:27:44,484 INFO: [BAD] Wafer_15010_130532.csv: Invalid filename format
2025-07-30 14:27:44,496 INFO: Processing file: wafer_22022020_041119.csv
2025-07-30 14:27:44,496 INFO: [GOOD] wafer_28012020_051011_a6124fd0.csv
2025-07-30 14:27:44,496 INFO: File SHA256: 57d4d4b20e3f9157...
2025-07-30 14:27:44,497 INFO: Processing file: Wafer_19012020_141432.csv
2025-07-30 14:27:44,497 INFO: [GOOD] wafer_23012020_011008_ad2f1ded.csv
2025-07-30 14:27:44,498 WARNING: Invalid filename format: Wafer_19012020_141432.csv
2025-07-30 14:27:44,498 INFO: Column validation passed using hash comparison.
2025-07-30 14:27:44,503 INFO: Processing file: Wafer_18012020_121532.csv
2025-07-30 14:27:44,503 WARNING: Invalid filename format: Wafer_18012020_121532.csv
2025-07-30 14:27:44,503 INFO: File SHA256: 418c0260c3383dd7...
2025-07-30 14:27:44,504 INFO: [BAD] Wafer_19012020_141432.csv: Invalid filename format
2025-07-30 14:27:44,520 INFO: [GOOD] wafer_28012020_090817_57d4d4b2.csv
2025-07-30 14:27:44,520 INFO: Processing file: wafer_20012020_090819.csv
2025-07-30 14:27:44,522 INFO: Processing file: wafer_31012020_090811.csv
2025-07-30 14:27:44,522 INFO: Column validation passed using hash comparison.
2025-07-30 14:27:44,539 INFO: [GOOD] wafer_22022020_041119_418c0260.csv
2025-07-30 14:27:44,539 INFO: [BAD] Wafer_18012020_121532.csv: Invalid filename format
2025-07-30 14:27:44,541 INFO: Processing file: Wafer_12012020_111.csv
2025-07-30 14:27:44,542 WARNING: Invalid filename format: Wafer_12012020_111.csv
2025-07-30 14:27:44,541 INFO: File SHA256: e0a35d2e6b52b2ce...
2025-07-30 14:27:44,543 INFO: File SHA256: e747459419f96d6c...
2025-07-30 14:27:44,544 INFO: Column validation passed using hash comparison.
2025-07-30 14:27:44,544 INFO: Column validation passed using hash comparison.
2025-07-30 14:27:44,549 INFO: [BAD] Wafer_12012020_111.csv: Invalid filename format
2025-07-30 14:27:44,584 INFO: [GOOD] wafer_20012020_090819_e0a35d2e.csv
2025-07-30 14:27:44,585 INFO: [GOOD] wafer_31012020_090811_e7474594.csv
2025-07-30 14:27:44,586 INFO: 
============================================================
Training Validation Summary:
Total files: 43
Valid files: 16 (37.2%)
Invalid files: 27 (62.8%)
Note: Missing value handling will occur during preprocessing stage
============================================================
2025-07-30 14:27:44,586 INFO: Rejection reasons:
2025-07-30 14:27:44,586 INFO:   Waferdefault_15010_130532.csv: Invalid filename format
2025-07-30 14:27:44,586 INFO:   Wafer_11012020_151432.csv: Invalid filename format
2025-07-30 14:27:44,586 INFO:   Wafer_24012020_150121.csv: Invalid filename format
2025-07-30 14:27:44,586 INFO:   wafer_27012020_080912.csv: Columns do not match schema
2025-07-30 14:27:44,586 INFO:   Wafer_fault_detection.csv: Invalid filename format
2025-07-30 14:27:44,587 INFO:   wafer_17012020_125434.csv: Last column should be 'Output' or 'Good/Bad', got 'Sensor-590'
2025-07-30 14:27:44,587 INFO:   Wafer_22012020_173245.csv: Invalid filename format
2025-07-30 14:27:44,587 INFO:   Wafer_15012020_130532.csv: Invalid filename format
2025-07-30 14:27:44,587 INFO:   Wafer_20012020_135132.csv: Invalid filename format
2025-07-30 14:27:44,587 INFO:   Wafer_08012020_120000.csv: Invalid filename format
2025-07-30 14:27:44,587 INFO:   Wafer_07012020_223345.csv: Invalid filename format
2025-07-30 14:27:44,587 INFO:   Wafer_25012020_142112.csv: Invalid filename format
2025-07-30 14:27:44,587 INFO:   Wafer_21012020_143634.csv: Invalid filename format
2025-07-30 14:27:44,587 INFO:   Wafer_14012020_113045.csv: Invalid filename format
2025-07-30 14:27:44,587 INFO:   wafer_16012020_134553.csv: Last column should be 'Output' or 'Good/Bad', got 'Sensor-590'
2025-07-30 14:27:44,587 INFO:   Wafer_text_130532.csv: Invalid filename format
2025-07-30 14:27:44,587 INFO:   Wafer_12012020_111213.csv: Invalid filename format
2025-07-30 14:27:44,587 INFO:   Wafer_10012020_131534.csv: Invalid filename format
2025-07-30 14:27:44,587 INFO:   wafer_20012020_090818.csv: Row 6: Column 'Sensor-16' expects float, got 'abc'
2025-07-30 14:27:44,587 INFO:   Wafer_23012020_163456.csv: Invalid filename format
2025-07-30 14:27:44,587 INFO:   Wafer_13012020_141000.csv: Invalid filename format
2025-07-30 14:27:44,587 INFO:   Wafer_07012020_000000.csv: Invalid filename format
2025-07-30 14:27:44,587 INFO:   Wafer12_20012.csv: Invalid filename format
2025-07-30 14:27:44,587 INFO:   Wafer_15010_130532.csv: Invalid filename format
2025-07-30 14:27:44,587 INFO:   Wafer_19012020_141432.csv: Invalid filename format
2025-07-30 14:27:44,587 INFO:   Wafer_18012020_121532.csv: Invalid filename format
2025-07-30 14:27:44,587 INFO:   Wafer_12012020_111.csv: Invalid filename format
2025-07-30 14:30:05,295 INFO: Validator initialized for mode: training
2025-07-30 14:30:05,295 INFO: Reading schema file...
2025-07-30 14:30:05,304 INFO: Schema loaded: 592 columns
2025-07-30 14:30:05,305 INFO: Setting up directories for validation...
2025-07-30 14:30:05,311 INFO: Removed existing directory: /workspaces/automated-semiconductor-fault-detection/data/training/good
2025-07-30 14:30:05,312 INFO: Created directory: /workspaces/automated-semiconductor-fault-detection/data/training/good
2025-07-30 14:30:05,321 INFO: Removed existing directory: /workspaces/automated-semiconductor-fault-detection/data/training/bad
2025-07-30 14:30:05,321 INFO: Created directory: /workspaces/automated-semiconductor-fault-detection/data/training/bad
2025-07-30 14:30:05,321 INFO: ============================================================
2025-07-30 14:30:05,321 INFO: === TRAINING Validation started at 2025-07-30 14:30:05 ===
2025-07-30 14:30:05,321 INFO: ============================================================
2025-07-30 14:30:05,321 INFO: Scanning input directory /workspaces/automated-semiconductor-fault-detection/data/training/input for CSV files...
2025-07-30 14:30:05,321 INFO: Found 43 CSV files to process
2025-07-30 14:30:05,322 INFO: Processing file: Waferdefault_15010_130532.csv
2025-07-30 14:30:05,322 INFO: Processing file: wafer_29012020_060756.csv
2025-07-30 14:30:05,322 WARNING: Invalid filename format: Waferdefault_15010_130532.csv
2025-07-30 14:30:05,322 INFO: Processing file: wafer_27012020_080912.csv
2025-07-30 14:30:05,324 INFO: File SHA256: 74ecb99db989ca16...
2025-07-30 14:30:05,325 INFO: Processing file: Wafer_11012020_151432.csv
2025-07-30 14:30:05,325 INFO: File SHA256: 32c908c1196125a8...
2025-07-30 14:30:05,325 INFO: [BAD] Waferdefault_15010_130532.csv: Invalid filename format
2025-07-30 14:30:05,326 WARNING: Invalid filename format: Wafer_11012020_151432.csv
2025-07-30 14:30:05,327 INFO: Column validation passed using hash comparison.
2025-07-30 14:30:05,328 WARNING: Columns do not match schema
2025-07-30 14:30:05,355 WARNING: Column validation failed: Columns do not match schema
2025-07-30 14:30:05,329 INFO: Processing file: Wafer_24012020_150121.csv
2025-07-30 14:30:05,329 INFO: [BAD] Wafer_11012020_151432.csv: Invalid filename format
2025-07-30 14:30:05,355 INFO: [GOOD] wafer_29012020_060756_32c908c1.csv
2025-07-30 14:30:05,356 WARNING: Invalid filename format: Wafer_24012020_150121.csv
2025-07-30 14:30:05,357 INFO: Processing file: wafer_23012020_041211.csv
2025-07-30 14:30:05,358 INFO: Processing file: wafer_17012020_125434.csv
2025-07-30 14:30:05,358 INFO: [BAD] Wafer_24012020_150121.csv: Invalid filename format
2025-07-30 14:30:05,359 INFO: File SHA256: c6bc8191caaf5ecb...
2025-07-30 14:30:05,360 WARNING: Last column should be 'Output' or 'Good/Bad', got 'Sensor-590'
2025-07-30 14:30:05,360 WARNING: Column validation failed: Last column should be 'Output' or 'Good/Bad', got 'Sensor-590'
2025-07-30 14:30:05,361 INFO: File SHA256: 1d78b5f96648b029...
2025-07-30 14:30:05,361 INFO: Processing file: wafer_13012020_090817.csv
2025-07-30 14:30:05,362 INFO: Column validation passed using hash comparison.
2025-07-30 14:30:05,358 INFO: [BAD] wafer_27012020_080912.csv: Columns do not match schema
2025-07-30 14:30:05,363 INFO: [BAD] wafer_17012020_125434.csv: Last column should be 'Output' or 'Good/Bad', got 'Sensor-590'
2025-07-30 14:30:05,363 INFO: File SHA256: 685c90f461117301...
2025-07-30 14:30:05,368 INFO: Processing file: Wafer_fault_detection.csv
2025-07-30 14:30:05,368 WARNING: Invalid filename format: Wafer_fault_detection.csv
2025-07-30 14:30:05,369 INFO: Processing file: Wafer_22012020_173245.csv
2025-07-30 14:30:05,385 WARNING: Invalid filename format: Wafer_22012020_173245.csv
2025-07-30 14:30:05,386 INFO: [GOOD] wafer_23012020_041211_1d78b5f9.csv
2025-07-30 14:30:05,387 INFO: Processing file: Wafer_20012020_135132.csv
2025-07-30 14:30:05,387 INFO: [BAD] Wafer_fault_detection.csv: Invalid filename format
2025-07-30 14:30:05,388 INFO: Column validation passed using hash comparison.
2025-07-30 14:30:05,388 WARNING: Invalid filename format: Wafer_20012020_135132.csv
2025-07-30 14:30:05,388 INFO: [BAD] Wafer_20012020_135132.csv: Invalid filename format
2025-07-30 14:30:05,388 INFO: Processing file: Wafer_15012020_130532.csv
2025-07-30 14:30:05,388 WARNING: Invalid filename format: Wafer_15012020_130532.csv
2025-07-30 14:30:05,389 INFO: [BAD] Wafer_15012020_130532.csv: Invalid filename format
2025-07-30 14:30:05,389 INFO: Processing file: wafer_20022020_090716.csv
2025-07-30 14:30:05,389 INFO: File SHA256: dd94e2657b6ccd31...
2025-07-30 14:30:05,390 INFO: Column validation passed using hash comparison.
2025-07-30 14:30:05,406 INFO: [BAD] Wafer_22012020_173245.csv: Invalid filename format
2025-07-30 14:30:05,410 INFO: Processing file: Wafer_25012020_142112.csv
2025-07-30 14:30:05,418 INFO: Processing file: Wafer_21012020_143634.csv
2025-07-30 14:30:05,419 INFO: [GOOD] wafer_20022020_090716_dd94e265.csv
2025-07-30 14:30:05,419 WARNING: Invalid filename format: Wafer_25012020_142112.csv
2025-07-30 14:30:05,419 WARNING: Invalid filename format: Wafer_21012020_143634.csv
2025-07-30 14:30:05,420 INFO: [BAD] Wafer_21012020_143634.csv: Invalid filename format
2025-07-30 14:30:05,420 INFO: Processing file: Wafer_08012020_120000.csv
2025-07-30 14:30:05,420 WARNING: Invalid filename format: Wafer_08012020_120000.csv
2025-07-30 14:30:05,421 INFO: Processing file: Wafer_07012020_223345.csv
2025-07-30 14:30:05,421 WARNING: Invalid filename format: Wafer_07012020_223345.csv
2025-07-30 14:30:05,421 INFO: [GOOD] wafer_13012020_090817_685c90f4.csv
2025-07-30 14:30:05,421 INFO: [BAD] Wafer_25012020_142112.csv: Invalid filename format
2025-07-30 14:30:05,422 INFO: Processing file: Wafer_14012020_113045.csv
2025-07-30 14:30:05,423 INFO: [BAD] Wafer_08012020_120000.csv: Invalid filename format
2025-07-30 14:30:05,423 WARNING: Invalid filename format: Wafer_14012020_113045.csv
2025-07-30 14:30:05,424 INFO: [BAD] Wafer_07012020_223345.csv: Invalid filename format
2025-07-30 14:30:05,424 INFO: Processing file: wafer_27012020_080911.csv
2025-07-30 14:30:05,424 INFO: Processing file: wafer_16012020_134553.csv
2025-07-30 14:30:05,425 INFO: Processing file: wafer_07012020_041011.csv
2025-07-30 14:30:05,425 INFO: [BAD] Wafer_14012020_113045.csv: Invalid filename format
2025-07-30 14:30:05,426 INFO: File SHA256: ba78fb9374372dad...
2025-07-30 14:30:05,427 INFO: Processing file: wafer_16012020_051629.csv
2025-07-30 14:30:05,427 INFO: Column validation passed using hash comparison.
2025-07-30 14:30:05,428 INFO: File SHA256: de0a888a8ee25bff...
2025-07-30 14:30:05,428 WARNING: Last column should be 'Output' or 'Good/Bad', got 'Sensor-590'
2025-07-30 14:30:05,433 WARNING: Column validation failed: Last column should be 'Output' or 'Good/Bad', got 'Sensor-590'
2025-07-30 14:30:05,434 INFO: [BAD] wafer_16012020_134553.csv: Last column should be 'Output' or 'Good/Bad', got 'Sensor-590'
2025-07-30 14:30:05,434 INFO: Processing file: Wafer_text_130532.csv
2025-07-30 14:30:05,434 WARNING: Invalid filename format: Wafer_text_130532.csv
2025-07-30 14:30:05,435 INFO: [BAD] Wafer_text_130532.csv: Invalid filename format
2025-07-30 14:30:05,435 INFO: Processing file: wafer_20012020_090818.csv
2025-07-30 14:30:05,436 INFO: File SHA256: f1d2f61c83b11721...
2025-07-30 14:30:05,438 INFO: File SHA256: e1e13189cb272301...
2025-07-30 14:30:05,438 INFO: File SHA256: b86db3f4308196a0...
2025-07-30 14:30:05,441 INFO: Column validation passed using hash comparison.
2025-07-30 14:30:05,442 WARNING: Column 'Sensor-16' expects float, got 'abc'
2025-07-30 14:30:05,442 WARNING: Row 6 dtype validation failed: Column 'Sensor-16' expects float, got 'abc'
2025-07-30 14:30:05,446 INFO: Column validation passed using hash comparison.
2025-07-30 14:30:05,447 INFO: Column validation passed using hash comparison.
2025-07-30 14:30:05,452 INFO: [BAD] wafer_20012020_090818.csv: Row 6: Column 'Sensor-16' expects float, got 'abc'
2025-07-30 14:30:05,462 INFO: Processing file: Wafer_12012020_111213.csv
2025-07-30 14:30:05,462 WARNING: Invalid filename format: Wafer_12012020_111213.csv
2025-07-30 14:30:05,463 INFO: [BAD] Wafer_12012020_111213.csv: Invalid filename format
2025-07-30 14:30:05,463 INFO: Processing file: Wafer_10012020_131534.csv
2025-07-30 14:30:05,463 WARNING: Invalid filename format: Wafer_10012020_131534.csv
2025-07-30 14:30:05,463 INFO: [BAD] Wafer_10012020_131534.csv: Invalid filename format
2025-07-30 14:30:05,463 INFO: Processing file: Wafer_23012020_163456.csv
2025-07-30 14:30:05,464 WARNING: Invalid filename format: Wafer_23012020_163456.csv
2025-07-30 14:30:05,475 INFO: [BAD] Wafer_23012020_163456.csv: Invalid filename format
2025-07-30 14:30:05,475 INFO: Processing file: wafer_28042020_031911.csv
2025-07-30 14:30:05,476 INFO: File SHA256: a54dc98c16a63418...
2025-07-30 14:30:05,483 INFO: Column validation passed using hash comparison.
2025-07-30 14:30:05,548 INFO: [GOOD] wafer_16012020_051629_b86db3f4.csv
2025-07-30 14:30:05,549 INFO: [GOOD] wafer_27012020_080911_ba78fb93.csv
2025-07-30 14:30:05,549 INFO: [GOOD] wafer_07012020_041011_e1e13189.csv
2025-07-30 14:30:05,550 INFO: Processing file: Wafer_13012020_141000.csv
2025-07-30 14:30:05,550 INFO: [GOOD] wafer_28042020_031911_a54dc98c.csv
2025-07-30 14:30:05,551 INFO: Processing file: wafer_21012020_080913.csv
2025-07-30 14:30:05,552 INFO: Processing file: wafer_29012020_050617.csv
2025-07-30 14:30:05,552 WARNING: Invalid filename format: Wafer_13012020_141000.csv
2025-07-30 14:30:05,553 INFO: Processing file: Wafer_07012020_000000.csv
2025-07-30 14:30:05,554 WARNING: Invalid filename format: Wafer_07012020_000000.csv
2025-07-30 14:30:05,555 INFO: [BAD] Wafer_13012020_141000.csv: Invalid filename format
2025-07-30 14:30:05,556 INFO: Processing file: wafer_28012020_051011.csv
2025-07-30 14:30:05,556 INFO: [BAD] Wafer_07012020_000000.csv: Invalid filename format
2025-07-30 14:30:05,557 INFO: File SHA256: 8b7ece090bae683a...
2025-07-30 14:30:05,557 INFO: Processing file: wafer_28012020_090817.csv
2025-07-30 14:30:05,558 INFO: Column validation passed using hash comparison.
2025-07-30 14:30:05,574 INFO: File SHA256: d1605198b5041901...
2025-07-30 14:30:05,575 INFO: Column validation passed using hash comparison.
2025-07-30 14:30:05,592 INFO: File SHA256: 57d4d4b20e3f9157...
2025-07-30 14:30:05,593 INFO: Column validation passed using hash comparison.
2025-07-30 14:30:05,604 INFO: File SHA256: a6124fd085b75843...
2025-07-30 14:30:05,619 INFO: Column validation passed using hash comparison.
2025-07-30 14:30:05,620 INFO: [GOOD] wafer_29012020_050617_8b7ece09.csv
2025-07-30 14:30:05,631 INFO: Processing file: wafer_23012020_011008.csv
2025-07-30 14:30:05,632 INFO: [GOOD] wafer_28012020_090817_57d4d4b2.csv
2025-07-30 14:30:05,633 INFO: [GOOD] wafer_21012020_080913_d1605198.csv
2025-07-30 14:30:05,634 INFO: File SHA256: ad2f1ded6ecad58b...
2025-07-30 14:30:05,635 INFO: Column validation passed using hash comparison.
2025-07-30 14:30:05,646 INFO: Processing file: Wafer12_20012.csv
2025-07-30 14:30:05,647 INFO: Processing file: Wafer_15010_130532.csv
2025-07-30 14:30:05,664 INFO: [GOOD] wafer_28012020_051011_a6124fd0.csv
2025-07-30 14:30:05,665 WARNING: Invalid filename format: Wafer12_20012.csv
2025-07-30 14:30:05,665 WARNING: Invalid filename format: Wafer_15010_130532.csv
2025-07-30 14:30:05,666 INFO: [BAD] Wafer12_20012.csv: Invalid filename format
2025-07-30 14:30:05,666 INFO: [GOOD] wafer_23012020_011008_ad2f1ded.csv
2025-07-30 14:30:05,667 INFO: Processing file: wafer_22022020_041119.csv
2025-07-30 14:30:05,669 INFO: Processing file: Wafer_19012020_141432.csv
2025-07-30 14:30:05,669 INFO: Processing file: Wafer_18012020_121532.csv
2025-07-30 14:30:05,670 WARNING: Invalid filename format: Wafer_18012020_121532.csv
2025-07-30 14:30:05,669 WARNING: Invalid filename format: Wafer_19012020_141432.csv
2025-07-30 14:30:05,669 INFO: [BAD] Wafer_15010_130532.csv: Invalid filename format
2025-07-30 14:30:05,670 INFO: File SHA256: 418c0260c3383dd7...
2025-07-30 14:30:05,671 INFO: Column validation passed using hash comparison.
2025-07-30 14:30:05,687 INFO: [BAD] Wafer_18012020_121532.csv: Invalid filename format
2025-07-30 14:30:05,688 INFO: Processing file: wafer_20012020_090819.csv
2025-07-30 14:30:05,689 INFO: Processing file: wafer_31012020_090811.csv
2025-07-30 14:30:05,689 INFO: [GOOD] wafer_22022020_041119_418c0260.csv
2025-07-30 14:30:05,690 INFO: Processing file: Wafer_12012020_111.csv
2025-07-30 14:30:05,691 WARNING: Invalid filename format: Wafer_12012020_111.csv
2025-07-30 14:30:05,691 INFO: [BAD] Wafer_19012020_141432.csv: Invalid filename format
2025-07-30 14:30:05,691 INFO: File SHA256: e0a35d2e6b52b2ce...
2025-07-30 14:30:05,692 INFO: Column validation passed using hash comparison.
2025-07-30 14:30:05,709 INFO: [BAD] Wafer_12012020_111.csv: Invalid filename format
2025-07-30 14:30:05,709 INFO: [GOOD] wafer_20012020_090819_e0a35d2e.csv
2025-07-30 14:30:05,711 INFO: File SHA256: e747459419f96d6c...
2025-07-30 14:30:05,711 INFO: Column validation passed using hash comparison.
2025-07-30 14:30:05,727 INFO: [GOOD] wafer_31012020_090811_e7474594.csv
2025-07-30 14:30:05,728 INFO: 
============================================================
Training Validation Summary:
Total files: 43
Valid files: 16 (37.2%)
Invalid files: 27 (62.8%)
Note: Missing value handling will occur during preprocessing stage
============================================================
2025-07-30 14:30:05,728 INFO: Rejection reasons:
2025-07-30 14:30:05,728 INFO:   Waferdefault_15010_130532.csv: Invalid filename format
2025-07-30 14:30:05,728 INFO:   Wafer_11012020_151432.csv: Invalid filename format
2025-07-30 14:30:05,728 INFO:   Wafer_24012020_150121.csv: Invalid filename format
2025-07-30 14:30:05,728 INFO:   wafer_27012020_080912.csv: Columns do not match schema
2025-07-30 14:30:05,728 INFO:   wafer_17012020_125434.csv: Last column should be 'Output' or 'Good/Bad', got 'Sensor-590'
2025-07-30 14:30:05,729 INFO:   Wafer_fault_detection.csv: Invalid filename format
2025-07-30 14:30:05,729 INFO:   Wafer_20012020_135132.csv: Invalid filename format
2025-07-30 14:30:05,729 INFO:   Wafer_15012020_130532.csv: Invalid filename format
2025-07-30 14:30:05,729 INFO:   Wafer_22012020_173245.csv: Invalid filename format
2025-07-30 14:30:05,729 INFO:   Wafer_21012020_143634.csv: Invalid filename format
2025-07-30 14:30:05,729 INFO:   Wafer_25012020_142112.csv: Invalid filename format
2025-07-30 14:30:05,729 INFO:   Wafer_08012020_120000.csv: Invalid filename format
2025-07-30 14:30:05,729 INFO:   Wafer_07012020_223345.csv: Invalid filename format
2025-07-30 14:30:05,729 INFO:   Wafer_14012020_113045.csv: Invalid filename format
2025-07-30 14:30:05,729 INFO:   wafer_16012020_134553.csv: Last column should be 'Output' or 'Good/Bad', got 'Sensor-590'
2025-07-30 14:30:05,729 INFO:   Wafer_text_130532.csv: Invalid filename format
2025-07-30 14:30:05,729 INFO:   wafer_20012020_090818.csv: Row 6: Column 'Sensor-16' expects float, got 'abc'
2025-07-30 14:30:05,729 INFO:   Wafer_12012020_111213.csv: Invalid filename format
2025-07-30 14:30:05,729 INFO:   Wafer_10012020_131534.csv: Invalid filename format
2025-07-30 14:30:05,729 INFO:   Wafer_23012020_163456.csv: Invalid filename format
2025-07-30 14:30:05,729 INFO:   Wafer_13012020_141000.csv: Invalid filename format
2025-07-30 14:30:05,729 INFO:   Wafer_07012020_000000.csv: Invalid filename format
2025-07-30 14:30:05,729 INFO:   Wafer12_20012.csv: Invalid filename format
2025-07-30 14:30:05,730 INFO:   Wafer_15010_130532.csv: Invalid filename format
2025-07-30 14:30:05,730 INFO:   Wafer_18012020_121532.csv: Invalid filename format
2025-07-30 14:30:05,730 INFO:   Wafer_19012020_141432.csv: Invalid filename format
2025-07-30 14:30:05,730 INFO:   Wafer_12012020_111.csv: Invalid filename format
2025-08-11 13:46:59,510 INFO: Validator initialized for mode: training
2025-08-11 13:46:59,510 INFO: Reading schema file...
2025-08-11 13:46:59,529 INFO: Schema loaded: 592 columns
2025-08-11 13:46:59,529 INFO: Setting up directories for validation...
2025-08-11 13:46:59,532 INFO: Removed existing directory: /workspaces/automated-semiconductor-fault-detection/data/training/good
2025-08-11 13:46:59,532 INFO: Created directory: /workspaces/automated-semiconductor-fault-detection/data/training/good
2025-08-11 13:46:59,536 INFO: Removed existing directory: /workspaces/automated-semiconductor-fault-detection/data/training/bad
2025-08-11 13:46:59,537 INFO: Created directory: /workspaces/automated-semiconductor-fault-detection/data/training/bad
2025-08-11 13:46:59,537 INFO: ============================================================
2025-08-11 13:46:59,537 INFO: === TRAINING Validation started at 2025-08-11 13:46:59 ===
2025-08-11 13:46:59,537 INFO: ============================================================
2025-08-11 13:46:59,537 INFO: Scanning input directory /workspaces/automated-semiconductor-fault-detection/data/training/input for CSV files...
2025-08-11 13:46:59,537 INFO: Found 43 CSV files to process
2025-08-11 13:46:59,537 INFO: Processing file: Wafer_07012020_000000.csv
2025-08-11 13:46:59,538 WARNING: Invalid filename format: Wafer_07012020_000000.csv
2025-08-11 13:46:59,538 INFO: Processing file: Wafer_text_130532.csv
2025-08-11 13:46:59,539 INFO: Processing file: wafer_21012020_080913.csv
2025-08-11 13:46:59,541 INFO: Processing file: Wafer_20012020_135132.csv
2025-08-11 13:46:59,542 WARNING: Invalid filename format: Wafer_text_130532.csv
2025-08-11 13:46:59,542 INFO: [BAD] Wafer_07012020_000000.csv: Invalid filename format
2025-08-11 13:46:59,543 INFO: Processing file: wafer_23012020_011008.csv
2025-08-11 13:46:59,543 INFO: File SHA256: ad2f1ded6ecad58b...
2025-08-11 13:46:59,544 INFO: Column validation passed using hash comparison.
2025-08-11 13:46:59,546 INFO: File SHA256: d1605198b5041901...
2025-08-11 13:46:59,547 INFO: Column validation passed using hash comparison.
2025-08-11 13:46:59,548 WARNING: Invalid filename format: Wafer_20012020_135132.csv
2025-08-11 13:46:59,549 INFO: [BAD] Wafer_20012020_135132.csv: Invalid filename format
2025-08-11 13:46:59,549 INFO: Processing file: wafer_31012020_090811.csv
2025-08-11 13:46:59,550 INFO: File SHA256: e747459419f96d6c...
2025-08-11 13:46:59,551 INFO: [BAD] Wafer_text_130532.csv: Invalid filename format
2025-08-11 13:46:59,551 INFO: Processing file: wafer_20012020_090819.csv
2025-08-11 13:46:59,559 INFO: Column validation passed using hash comparison.
2025-08-11 13:46:59,559 INFO: File SHA256: e0a35d2e6b52b2ce...
2025-08-11 13:46:59,588 INFO: Column validation passed using hash comparison.
2025-08-11 13:46:59,735 INFO: [GOOD] wafer_21012020_080913_d1605198.csv
2025-08-11 13:46:59,738 INFO: Processing file: Waferdefault_15010_130532.csv
2025-08-11 13:46:59,753 WARNING: Invalid filename format: Waferdefault_15010_130532.csv
2025-08-11 13:46:59,760 INFO: [BAD] Waferdefault_15010_130532.csv: Invalid filename format
2025-08-11 13:46:59,760 INFO: Processing file: wafer_20022020_090716.csv
2025-08-11 13:46:59,766 INFO: File SHA256: dd94e2657b6ccd31...
2025-08-11 13:46:59,769 INFO: Column validation passed using hash comparison.
2025-08-11 13:46:59,792 INFO: [GOOD] wafer_23012020_011008_ad2f1ded.csv
2025-08-11 13:46:59,793 INFO: Processing file: Wafer_22012020_173245.csv
2025-08-11 13:46:59,793 INFO: [GOOD] wafer_20022020_090716_dd94e265.csv
2025-08-11 13:46:59,793 WARNING: Invalid filename format: Wafer_22012020_173245.csv
2025-08-11 13:46:59,794 INFO: [GOOD] wafer_31012020_090811_e7474594.csv
2025-08-11 13:46:59,794 INFO: [GOOD] wafer_20012020_090819_e0a35d2e.csv
2025-08-11 13:46:59,794 INFO: Processing file: Wafer_13012020_141000.csv
2025-08-11 13:46:59,795 INFO: Processing file: wafer_16012020_134553.csv
2025-08-11 13:46:59,796 INFO: Processing file: wafer_23012020_041211.csv
2025-08-11 13:46:59,796 WARNING: Invalid filename format: Wafer_13012020_141000.csv
2025-08-11 13:46:59,797 INFO: [BAD] Wafer_22012020_173245.csv: Invalid filename format
2025-08-11 13:46:59,798 INFO: Processing file: wafer_28012020_051011.csv
2025-08-11 13:46:59,798 INFO: [BAD] Wafer_13012020_141000.csv: Invalid filename format
2025-08-11 13:46:59,799 INFO: Processing file: Wafer_23012020_163456.csv
2025-08-11 13:46:59,799 WARNING: Invalid filename format: Wafer_23012020_163456.csv
2025-08-11 13:46:59,799 INFO: [BAD] Wafer_23012020_163456.csv: Invalid filename format
2025-08-11 13:46:59,799 INFO: Processing file: Wafer_12012020_111.csv
2025-08-11 13:46:59,799 WARNING: Invalid filename format: Wafer_12012020_111.csv
2025-08-11 13:46:59,800 INFO: [BAD] Wafer_12012020_111.csv: Invalid filename format
2025-08-11 13:46:59,800 INFO: Processing file: Wafer_10012020_131534.csv
2025-08-11 13:46:59,800 WARNING: Invalid filename format: Wafer_10012020_131534.csv
2025-08-11 13:46:59,800 INFO: File SHA256: 1d78b5f96648b029...
2025-08-11 13:46:59,800 INFO: File SHA256: de0a888a8ee25bff...
2025-08-11 13:46:59,801 INFO: Column validation passed using hash comparison.
2025-08-11 13:46:59,802 WARNING: Last column should be 'Output' or 'Good/Bad', got 'Sensor-590'
2025-08-11 13:46:59,802 INFO: [BAD] Wafer_10012020_131534.csv: Invalid filename format
2025-08-11 13:46:59,816 WARNING: Column validation failed: Last column should be 'Output' or 'Good/Bad', got 'Sensor-590'
2025-08-11 13:46:59,817 INFO: File SHA256: a6124fd085b75843...
2025-08-11 13:46:59,817 INFO: Processing file: wafer_20012020_090818.csv
2025-08-11 13:46:59,818 INFO: [GOOD] wafer_23012020_041211_1d78b5f9.csv
2025-08-11 13:46:59,818 INFO: Column validation passed using hash comparison.
2025-08-11 13:46:59,819 INFO: [BAD] wafer_16012020_134553.csv: Last column should be 'Output' or 'Good/Bad', got 'Sensor-590'
2025-08-11 13:46:59,819 INFO: File SHA256: f1d2f61c83b11721...
2025-08-11 13:46:59,820 INFO: Column validation passed using hash comparison.
2025-08-11 13:46:59,820 INFO: Processing file: Wafer_19012020_141432.csv
2025-08-11 13:46:59,840 WARNING: Invalid filename format: Wafer_19012020_141432.csv
2025-08-11 13:46:59,838 INFO: Processing file: Wafer_24012020_150121.csv
2025-08-11 13:46:59,841 WARNING: Invalid filename format: Wafer_24012020_150121.csv
2025-08-11 13:46:59,841 INFO: [BAD] Wafer_19012020_141432.csv: Invalid filename format
2025-08-11 13:46:59,840 WARNING: Column 'Sensor-16' expects float, got 'abc'
2025-08-11 13:46:59,842 WARNING: Row 6 dtype validation failed: Column 'Sensor-16' expects float, got 'abc'
2025-08-11 13:46:59,843 INFO: [BAD] Wafer_24012020_150121.csv: Invalid filename format
2025-08-11 13:46:59,842 INFO: Processing file: wafer_27012020_080911.csv
2025-08-11 13:46:59,844 INFO: File SHA256: ba78fb9374372dad...
2025-08-11 13:46:59,846 INFO: Column validation passed using hash comparison.
2025-08-11 13:46:59,845 INFO: [BAD] wafer_20012020_090818.csv: Row 6: Column 'Sensor-16' expects float, got 'abc'
2025-08-11 13:46:59,845 INFO: [GOOD] wafer_28012020_051011_a6124fd0.csv
2025-08-11 13:46:59,845 INFO: Processing file: Wafer12_20012.csv
2025-08-11 13:46:59,851 INFO: Processing file: Wafer_18012020_121532.csv
2025-08-11 13:46:59,851 WARNING: Invalid filename format: Wafer_18012020_121532.csv
2025-08-11 13:46:59,851 WARNING: Invalid filename format: Wafer12_20012.csv
2025-08-11 13:46:59,856 INFO: Processing file: wafer_29012020_050617.csv
2025-08-11 13:46:59,857 INFO: File SHA256: 8b7ece090bae683a...
2025-08-11 13:46:59,862 INFO: [BAD] Wafer_18012020_121532.csv: Invalid filename format
2025-08-11 13:46:59,863 INFO: Column validation passed using hash comparison.
2025-08-11 13:46:59,864 INFO: Processing file: wafer_22022020_041119.csv
2025-08-11 13:46:59,864 INFO: [BAD] Wafer12_20012.csv: Invalid filename format
2025-08-11 13:46:59,865 INFO: File SHA256: 418c0260c3383dd7...
2025-08-11 13:46:59,865 INFO: Processing file: wafer_17012020_125434.csv
2025-08-11 13:46:59,871 INFO: Column validation passed using hash comparison.
2025-08-11 13:46:59,872 INFO: File SHA256: c6bc8191caaf5ecb...
2025-08-11 13:46:59,884 WARNING: Last column should be 'Output' or 'Good/Bad', got 'Sensor-590'
2025-08-11 13:46:59,887 WARNING: Column validation failed: Last column should be 'Output' or 'Good/Bad', got 'Sensor-590'
2025-08-11 13:46:59,939 INFO: [GOOD] wafer_27012020_080911_ba78fb93.csv
2025-08-11 13:46:59,940 INFO: Processing file: Wafer_21012020_143634.csv
2025-08-11 13:46:59,941 WARNING: Invalid filename format: Wafer_21012020_143634.csv
2025-08-11 13:46:59,941 INFO: [GOOD] wafer_29012020_050617_8b7ece09.csv
2025-08-11 13:46:59,941 INFO: [GOOD] wafer_22022020_041119_418c0260.csv
2025-08-11 13:46:59,941 INFO: [BAD] wafer_17012020_125434.csv: Last column should be 'Output' or 'Good/Bad', got 'Sensor-590'
2025-08-11 13:46:59,942 INFO: Processing file: Wafer_fault_detection.csv
2025-08-11 13:46:59,943 WARNING: Invalid filename format: Wafer_fault_detection.csv
2025-08-11 13:46:59,943 INFO: Processing file: wafer_07012020_041011.csv
2025-08-11 13:46:59,943 INFO: Processing file: wafer_28012020_090817.csv
2025-08-11 13:46:59,944 INFO: [BAD] Wafer_21012020_143634.csv: Invalid filename format
2025-08-11 13:46:59,945 INFO: [BAD] Wafer_fault_detection.csv: Invalid filename format
2025-08-11 13:46:59,945 INFO: Processing file: wafer_29012020_060756.csv
2025-08-11 13:46:59,946 INFO: File SHA256: e1e13189cb272301...
2025-08-11 13:46:59,946 INFO: Processing file: wafer_27012020_080912.csv
2025-08-11 13:46:59,946 INFO: Column validation passed using hash comparison.
2025-08-11 13:46:59,947 INFO: File SHA256: 57d4d4b20e3f9157...
2025-08-11 13:46:59,959 INFO: Column validation passed using hash comparison.
2025-08-11 13:46:59,960 INFO: File SHA256: 74ecb99db989ca16...
2025-08-11 13:46:59,961 INFO: File SHA256: 32c908c1196125a8...
2025-08-11 13:46:59,983 WARNING: Columns do not match schema
2025-08-11 13:46:59,984 WARNING: Column validation failed: Columns do not match schema
2025-08-11 13:46:59,984 INFO: [GOOD] wafer_28012020_090817_57d4d4b2.csv
2025-08-11 13:46:59,984 INFO: Column validation passed using hash comparison.
2025-08-11 13:46:59,984 INFO: [GOOD] wafer_07012020_041011_e1e13189.csv
2025-08-11 13:46:59,985 INFO: Processing file: Wafer_08012020_120000.csv
2025-08-11 13:47:00,001 INFO: [BAD] wafer_27012020_080912.csv: Columns do not match schema
2025-08-11 13:47:00,002 INFO: Processing file: Wafer_11012020_151432.csv
2025-08-11 13:47:00,002 INFO: [GOOD] wafer_29012020_060756_32c908c1.csv
2025-08-11 13:47:00,002 WARNING: Invalid filename format: Wafer_08012020_120000.csv
2025-08-11 13:47:00,003 WARNING: Invalid filename format: Wafer_11012020_151432.csv
2025-08-11 13:47:00,004 INFO: Processing file: Wafer_25012020_142112.csv
2025-08-11 13:47:00,004 WARNING: Invalid filename format: Wafer_25012020_142112.csv
2025-08-11 13:47:00,005 INFO: [BAD] Wafer_25012020_142112.csv: Invalid filename format
2025-08-11 13:47:00,005 INFO: Processing file: Wafer_07012020_223345.csv
2025-08-11 13:47:00,005 WARNING: Invalid filename format: Wafer_07012020_223345.csv
2025-08-11 13:47:00,005 INFO: [BAD] Wafer_07012020_223345.csv: Invalid filename format
2025-08-11 13:47:00,005 INFO: Processing file: wafer_13012020_090817.csv
2025-08-11 13:47:00,006 INFO: File SHA256: 685c90f461117301...
2025-08-11 13:47:00,006 INFO: Column validation passed using hash comparison.
2025-08-11 13:47:00,038 INFO: [GOOD] wafer_13012020_090817_685c90f4.csv
2025-08-11 13:47:00,046 INFO: Processing file: Wafer_15012020_130532.csv
2025-08-11 13:47:00,048 WARNING: Invalid filename format: Wafer_15012020_130532.csv
2025-08-11 13:47:00,050 INFO: [BAD] Wafer_15012020_130532.csv: Invalid filename format
2025-08-11 13:47:00,051 INFO: Processing file: wafer_28042020_031911.csv
2025-08-11 13:47:00,053 INFO: File SHA256: a54dc98c16a63418...
2025-08-11 13:47:00,055 INFO: Column validation passed using hash comparison.
2025-08-11 13:47:00,086 INFO: [GOOD] wafer_28042020_031911_a54dc98c.csv
2025-08-11 13:47:00,088 INFO: Processing file: wafer_16012020_051629.csv
2025-08-11 13:47:00,090 INFO: File SHA256: b86db3f4308196a0...
2025-08-11 13:47:00,092 INFO: Column validation passed using hash comparison.
2025-08-11 13:47:00,140 INFO: [BAD] Wafer_08012020_120000.csv: Invalid filename format
2025-08-11 13:47:00,142 INFO: Processing file: Wafer_14012020_113045.csv
2025-08-11 13:47:00,142 WARNING: Invalid filename format: Wafer_14012020_113045.csv
2025-08-11 13:47:00,153 INFO: [BAD] Wafer_11012020_151432.csv: Invalid filename format
2025-08-11 13:47:00,154 INFO: Processing file: Wafer_12012020_111213.csv
2025-08-11 13:47:00,154 WARNING: Invalid filename format: Wafer_12012020_111213.csv
2025-08-11 13:47:00,170 INFO: [BAD] Wafer_14012020_113045.csv: Invalid filename format
2025-08-11 13:47:00,170 INFO: Processing file: Wafer_15010_130532.csv
2025-08-11 13:47:00,170 WARNING: Invalid filename format: Wafer_15010_130532.csv
2025-08-11 13:47:00,170 INFO: [GOOD] wafer_16012020_051629_b86db3f4.csv
2025-08-11 13:47:00,172 INFO: [BAD] Wafer_12012020_111213.csv: Invalid filename format
2025-08-11 13:47:00,172 INFO: [BAD] Wafer_15010_130532.csv: Invalid filename format
2025-08-11 13:47:00,173 INFO: 
============================================================
Training Validation Summary:
Total files: 43
Valid files: 16 (37.2%)
Invalid files: 27 (62.8%)
Note: Missing value handling will occur during preprocessing stage
============================================================
2025-08-11 13:47:00,173 INFO: Rejection reasons:
2025-08-11 13:47:00,173 INFO:   Wafer_07012020_000000.csv: Invalid filename format
2025-08-11 13:47:00,173 INFO:   Wafer_20012020_135132.csv: Invalid filename format
2025-08-11 13:47:00,173 INFO:   Wafer_text_130532.csv: Invalid filename format
2025-08-11 13:47:00,173 INFO:   Waferdefault_15010_130532.csv: Invalid filename format
2025-08-11 13:47:00,173 INFO:   Wafer_22012020_173245.csv: Invalid filename format
2025-08-11 13:47:00,173 INFO:   Wafer_13012020_141000.csv: Invalid filename format
2025-08-11 13:47:00,173 INFO:   Wafer_23012020_163456.csv: Invalid filename format
2025-08-11 13:47:00,173 INFO:   Wafer_12012020_111.csv: Invalid filename format
2025-08-11 13:47:00,173 INFO:   Wafer_10012020_131534.csv: Invalid filename format
2025-08-11 13:47:00,173 INFO:   wafer_16012020_134553.csv: Last column should be 'Output' or 'Good/Bad', got 'Sensor-590'
2025-08-11 13:47:00,173 INFO:   Wafer_19012020_141432.csv: Invalid filename format
2025-08-11 13:47:00,173 INFO:   Wafer_24012020_150121.csv: Invalid filename format
2025-08-11 13:47:00,173 INFO:   wafer_20012020_090818.csv: Row 6: Column 'Sensor-16' expects float, got 'abc'
2025-08-11 13:47:00,173 INFO:   Wafer_18012020_121532.csv: Invalid filename format
2025-08-11 13:47:00,173 INFO:   Wafer12_20012.csv: Invalid filename format
2025-08-11 13:47:00,173 INFO:   wafer_17012020_125434.csv: Last column should be 'Output' or 'Good/Bad', got 'Sensor-590'
2025-08-11 13:47:00,173 INFO:   Wafer_21012020_143634.csv: Invalid filename format
2025-08-11 13:47:00,174 INFO:   Wafer_fault_detection.csv: Invalid filename format
2025-08-11 13:47:00,174 INFO:   wafer_27012020_080912.csv: Columns do not match schema
2025-08-11 13:47:00,174 INFO:   Wafer_25012020_142112.csv: Invalid filename format
2025-08-11 13:47:00,174 INFO:   Wafer_07012020_223345.csv: Invalid filename format
2025-08-11 13:47:00,174 INFO:   Wafer_15012020_130532.csv: Invalid filename format
2025-08-11 13:47:00,174 INFO:   Wafer_08012020_120000.csv: Invalid filename format
2025-08-11 13:47:00,174 INFO:   Wafer_11012020_151432.csv: Invalid filename format
2025-08-11 13:47:00,174 INFO:   Wafer_14012020_113045.csv: Invalid filename format
2025-08-11 13:47:00,174 INFO:   Wafer_12012020_111213.csv: Invalid filename format
2025-08-11 13:47:00,174 INFO:   Wafer_15010_130532.csv: Invalid filename format
2025-08-11 13:48:38,274 INFO: Validator initialized for mode: training
2025-08-11 13:48:38,275 INFO: Reading schema file...
2025-08-11 13:48:38,278 INFO: Schema loaded: 592 columns
2025-08-11 13:48:38,278 INFO: Setting up directories for validation...
2025-08-11 13:48:38,281 INFO: Removed existing directory: /workspaces/automated-semiconductor-fault-detection/data/training/good
2025-08-11 13:48:38,281 INFO: Created directory: /workspaces/automated-semiconductor-fault-detection/data/training/good
2025-08-11 13:48:38,287 INFO: Removed existing directory: /workspaces/automated-semiconductor-fault-detection/data/training/bad
2025-08-11 13:48:38,288 INFO: Created directory: /workspaces/automated-semiconductor-fault-detection/data/training/bad
2025-08-11 13:48:38,288 INFO: ============================================================
2025-08-11 13:48:38,288 INFO: === TRAINING Validation started at 2025-08-11 13:48:38 ===
2025-08-11 13:48:38,288 INFO: ============================================================
2025-08-11 13:48:38,288 INFO: Scanning input directory /workspaces/automated-semiconductor-fault-detection/data/training/input for CSV files...
2025-08-11 13:48:38,288 INFO: Found 43 CSV files to process
2025-08-11 13:48:38,289 INFO: Processing file: Wafer_07012020_000000.csv
2025-08-11 13:48:38,289 WARNING: Invalid filename format: Wafer_07012020_000000.csv
2025-08-11 13:48:38,290 INFO: [BAD] Wafer_07012020_000000.csv: Invalid filename format
2025-08-11 13:48:38,291 INFO: Processing file: Wafer_text_130532.csv
2025-08-11 13:48:38,292 WARNING: Invalid filename format: Wafer_text_130532.csv
2025-08-11 13:48:38,292 INFO: [BAD] Wafer_text_130532.csv: Invalid filename format
2025-08-11 13:48:38,292 INFO: Processing file: wafer_21012020_080913.csv
2025-08-11 13:48:38,293 INFO: Processing file: Wafer_20012020_135132.csv
2025-08-11 13:48:38,293 WARNING: Invalid filename format: Wafer_20012020_135132.csv
2025-08-11 13:48:38,293 INFO: [BAD] Wafer_20012020_135132.csv: Invalid filename format
2025-08-11 13:48:38,294 INFO: Processing file: wafer_23012020_011008.csv
2025-08-11 13:48:38,295 INFO: Processing file: wafer_31012020_090811.csv
2025-08-11 13:48:38,295 INFO: Processing file: wafer_20012020_090819.csv
2025-08-11 13:48:38,296 INFO: File SHA256: e0a35d2e6b52b2ce...
2025-08-11 13:48:38,297 INFO: File SHA256: e747459419f96d6c...
2025-08-11 13:48:38,298 INFO: Column validation passed using hash comparison.
2025-08-11 13:48:38,298 INFO: File SHA256: ad2f1ded6ecad58b...
2025-08-11 13:48:38,312 INFO: Column validation passed using hash comparison.
2025-08-11 13:48:38,299 INFO: Column validation passed using hash comparison.
2025-08-11 13:48:38,346 INFO: File SHA256: d1605198b5041901...
2025-08-11 13:48:38,359 INFO: Column validation passed using hash comparison.
2025-08-11 13:48:38,362 INFO: [GOOD] wafer_31012020_090811_e7474594.csv
2025-08-11 13:48:38,364 INFO: Processing file: Waferdefault_15010_130532.csv
2025-08-11 13:48:38,364 INFO: [GOOD] wafer_20012020_090819_e0a35d2e.csv
2025-08-11 13:48:38,364 INFO: [GOOD] wafer_23012020_011008_ad2f1ded.csv
2025-08-11 13:48:38,375 WARNING: Invalid filename format: Waferdefault_15010_130532.csv
2025-08-11 13:48:38,380 INFO: Processing file: wafer_20022020_090716.csv
2025-08-11 13:48:38,381 INFO: Processing file: Wafer_22012020_173245.csv
2025-08-11 13:48:38,382 WARNING: Invalid filename format: Wafer_22012020_173245.csv
2025-08-11 13:48:38,382 INFO: [GOOD] wafer_21012020_080913_d1605198.csv
2025-08-11 13:48:38,382 INFO: File SHA256: dd94e2657b6ccd31...
2025-08-11 13:48:38,382 INFO: [BAD] Waferdefault_15010_130532.csv: Invalid filename format
2025-08-11 13:48:38,384 INFO: Processing file: Wafer_13012020_141000.csv
2025-08-11 13:48:38,385 WARNING: Invalid filename format: Wafer_13012020_141000.csv
2025-08-11 13:48:38,384 INFO: Column validation passed using hash comparison.
2025-08-11 13:48:38,384 INFO: [BAD] Wafer_22012020_173245.csv: Invalid filename format
2025-08-11 13:48:38,385 INFO: Processing file: wafer_16012020_134553.csv
2025-08-11 13:48:38,391 INFO: Processing file: wafer_23012020_041211.csv
2025-08-11 13:48:38,392 INFO: File SHA256: 1d78b5f96648b029...
2025-08-11 13:48:38,392 INFO: [BAD] Wafer_13012020_141000.csv: Invalid filename format
2025-08-11 13:48:38,393 INFO: File SHA256: de0a888a8ee25bff...
2025-08-11 13:48:38,393 INFO: Processing file: wafer_28012020_051011.csv
2025-08-11 13:48:38,393 INFO: Column validation passed using hash comparison.
2025-08-11 13:48:38,393 INFO: [GOOD] wafer_20022020_090716_dd94e265.csv
2025-08-11 13:48:38,394 WARNING: Last column should be 'Output' or 'Good/Bad', got 'Sensor-590'
2025-08-11 13:48:38,411 INFO: [GOOD] wafer_23012020_041211_1d78b5f9.csv
2025-08-11 13:48:38,412 INFO: Processing file: Wafer_23012020_163456.csv
2025-08-11 13:48:38,413 INFO: File SHA256: a6124fd085b75843...
2025-08-11 13:48:38,413 WARNING: Column validation failed: Last column should be 'Output' or 'Good/Bad', got 'Sensor-590'
2025-08-11 13:48:38,414 INFO: [BAD] wafer_16012020_134553.csv: Last column should be 'Output' or 'Good/Bad', got 'Sensor-590'
2025-08-11 13:48:38,416 WARNING: Invalid filename format: Wafer_23012020_163456.csv
2025-08-11 13:48:38,417 INFO: Processing file: Wafer_12012020_111.csv
2025-08-11 13:48:38,417 INFO: Processing file: Wafer_10012020_131534.csv
2025-08-11 13:48:38,418 INFO: Column validation passed using hash comparison.
2025-08-11 13:48:38,418 WARNING: Invalid filename format: Wafer_12012020_111.csv
2025-08-11 13:48:38,418 INFO: [BAD] Wafer_23012020_163456.csv: Invalid filename format
2025-08-11 13:48:38,418 WARNING: Invalid filename format: Wafer_10012020_131534.csv
2025-08-11 13:48:38,421 INFO: [BAD] Wafer_10012020_131534.csv: Invalid filename format
2025-08-11 13:48:38,421 INFO: Processing file: wafer_20012020_090818.csv
2025-08-11 13:48:38,422 INFO: File SHA256: f1d2f61c83b11721...
2025-08-11 13:48:38,424 INFO: [BAD] Wafer_12012020_111.csv: Invalid filename format
2025-08-11 13:48:38,424 INFO: Processing file: Wafer_19012020_141432.csv
2025-08-11 13:48:38,424 WARNING: Invalid filename format: Wafer_19012020_141432.csv
2025-08-11 13:48:38,424 INFO: [BAD] Wafer_19012020_141432.csv: Invalid filename format
2025-08-11 13:48:38,425 INFO: Processing file: Wafer_24012020_150121.csv
2025-08-11 13:48:38,425 WARNING: Invalid filename format: Wafer_24012020_150121.csv
2025-08-11 13:48:38,425 INFO: [BAD] Wafer_24012020_150121.csv: Invalid filename format
2025-08-11 13:48:38,426 INFO: Processing file: wafer_27012020_080911.csv
2025-08-11 13:48:38,427 INFO: File SHA256: ba78fb9374372dad...
2025-08-11 13:48:38,428 INFO: Column validation passed using hash comparison.
2025-08-11 13:48:38,432 INFO: Column validation passed using hash comparison.
2025-08-11 13:48:38,433 WARNING: Column 'Sensor-16' expects float, got 'abc'
2025-08-11 13:48:38,433 WARNING: Row 6 dtype validation failed: Column 'Sensor-16' expects float, got 'abc'
2025-08-11 13:48:38,434 INFO: [BAD] wafer_20012020_090818.csv: Row 6: Column 'Sensor-16' expects float, got 'abc'
2025-08-11 13:48:38,434 INFO: Processing file: Wafer12_20012.csv
2025-08-11 13:48:38,434 WARNING: Invalid filename format: Wafer12_20012.csv
2025-08-11 13:48:38,435 INFO: [BAD] Wafer12_20012.csv: Invalid filename format
2025-08-11 13:48:38,435 INFO: Processing file: Wafer_18012020_121532.csv
2025-08-11 13:48:38,435 WARNING: Invalid filename format: Wafer_18012020_121532.csv
2025-08-11 13:48:38,435 INFO: [BAD] Wafer_18012020_121532.csv: Invalid filename format
2025-08-11 13:48:38,437 INFO: Processing file: wafer_29012020_050617.csv
2025-08-11 13:48:38,444 INFO: Processing file: wafer_22022020_041119.csv
2025-08-11 13:48:38,445 INFO: File SHA256: 418c0260c3383dd7...
2025-08-11 13:48:38,446 INFO: File SHA256: 8b7ece090bae683a...
2025-08-11 13:48:38,447 INFO: Column validation passed using hash comparison.
2025-08-11 13:48:38,453 INFO: Column validation passed using hash comparison.
2025-08-11 13:48:38,515 INFO: [GOOD] wafer_28012020_051011_a6124fd0.csv
2025-08-11 13:48:38,516 INFO: Processing file: wafer_17012020_125434.csv
2025-08-11 13:48:38,517 INFO: [GOOD] wafer_22022020_041119_418c0260.csv
2025-08-11 13:48:38,518 INFO: Processing file: Wafer_21012020_143634.csv
2025-08-11 13:48:38,518 WARNING: Invalid filename format: Wafer_21012020_143634.csv
2025-08-11 13:48:38,518 INFO: [GOOD] wafer_27012020_080911_ba78fb93.csv
2025-08-11 13:48:38,520 INFO: Processing file: Wafer_fault_detection.csv
2025-08-11 13:48:38,520 WARNING: Invalid filename format: Wafer_fault_detection.csv
2025-08-11 13:48:38,520 INFO: [GOOD] wafer_29012020_050617_8b7ece09.csv
2025-08-11 13:48:38,521 INFO: Processing file: wafer_07012020_041011.csv
2025-08-11 13:48:38,522 INFO: File SHA256: c6bc8191caaf5ecb...
2025-08-11 13:48:38,522 INFO: [BAD] Wafer_21012020_143634.csv: Invalid filename format
2025-08-11 13:48:38,522 INFO: [BAD] Wafer_fault_detection.csv: Invalid filename format
2025-08-11 13:48:38,523 WARNING: Last column should be 'Output' or 'Good/Bad', got 'Sensor-590'
2025-08-11 13:48:38,523 INFO: Processing file: wafer_28012020_090817.csv
2025-08-11 13:48:38,523 INFO: Processing file: wafer_29012020_060756.csv
2025-08-11 13:48:38,523 WARNING: Column validation failed: Last column should be 'Output' or 'Good/Bad', got 'Sensor-590'
2025-08-11 13:48:38,524 INFO: File SHA256: e1e13189cb272301...
2025-08-11 13:48:38,524 INFO: [BAD] wafer_17012020_125434.csv: Last column should be 'Output' or 'Good/Bad', got 'Sensor-590'
2025-08-11 13:48:38,525 INFO: Column validation passed using hash comparison.
2025-08-11 13:48:38,541 INFO: Processing file: wafer_27012020_080912.csv
2025-08-11 13:48:38,541 INFO: [GOOD] wafer_07012020_041011_e1e13189.csv
2025-08-11 13:48:38,542 INFO: File SHA256: 57d4d4b20e3f9157...
2025-08-11 13:48:38,542 INFO: Processing file: Wafer_08012020_120000.csv
2025-08-11 13:48:38,543 WARNING: Invalid filename format: Wafer_08012020_120000.csv
2025-08-11 13:48:38,543 INFO: Column validation passed using hash comparison.
2025-08-11 13:48:38,543 INFO: File SHA256: 32c908c1196125a8...
2025-08-11 13:48:38,544 INFO: Column validation passed using hash comparison.
2025-08-11 13:48:38,575 INFO: [GOOD] wafer_28012020_090817_57d4d4b2.csv
2025-08-11 13:48:38,576 INFO: [GOOD] wafer_29012020_060756_32c908c1.csv
2025-08-11 13:48:38,576 INFO: File SHA256: 74ecb99db989ca16...
2025-08-11 13:48:38,576 INFO: [BAD] Wafer_08012020_120000.csv: Invalid filename format
2025-08-11 13:48:38,577 WARNING: Columns do not match schema
2025-08-11 13:48:38,577 INFO: Processing file: Wafer_11012020_151432.csv
2025-08-11 13:48:38,578 INFO: Processing file: Wafer_25012020_142112.csv
2025-08-11 13:48:38,579 WARNING: Column validation failed: Columns do not match schema
2025-08-11 13:48:38,579 INFO: Processing file: Wafer_07012020_223345.csv
2025-08-11 13:48:38,579 WARNING: Invalid filename format: Wafer_25012020_142112.csv
2025-08-11 13:48:38,579 INFO: [BAD] wafer_27012020_080912.csv: Columns do not match schema
2025-08-11 13:48:38,579 WARNING: Invalid filename format: Wafer_07012020_223345.csv
2025-08-11 13:48:38,579 WARNING: Invalid filename format: Wafer_11012020_151432.csv
2025-08-11 13:48:38,580 INFO: [BAD] Wafer_25012020_142112.csv: Invalid filename format
2025-08-11 13:48:38,580 INFO: [BAD] Wafer_07012020_223345.csv: Invalid filename format
2025-08-11 13:48:38,580 INFO: Processing file: wafer_13012020_090817.csv
2025-08-11 13:48:38,581 INFO: Processing file: Wafer_15012020_130532.csv
2025-08-11 13:48:38,581 WARNING: Invalid filename format: Wafer_15012020_130532.csv
2025-08-11 13:48:38,582 INFO: [BAD] Wafer_15012020_130532.csv: Invalid filename format
2025-08-11 13:48:38,582 INFO: Processing file: wafer_28042020_031911.csv
2025-08-11 13:48:38,583 INFO: File SHA256: a54dc98c16a63418...
2025-08-11 13:48:38,584 INFO: File SHA256: 685c90f461117301...
2025-08-11 13:48:38,585 INFO: Processing file: wafer_16012020_051629.csv
2025-08-11 13:48:38,586 INFO: Column validation passed using hash comparison.
2025-08-11 13:48:38,588 INFO: [BAD] Wafer_11012020_151432.csv: Invalid filename format
2025-08-11 13:48:38,589 INFO: Processing file: Wafer_14012020_113045.csv
2025-08-11 13:48:38,589 WARNING: Invalid filename format: Wafer_14012020_113045.csv
2025-08-11 13:48:38,589 INFO: [BAD] Wafer_14012020_113045.csv: Invalid filename format
2025-08-11 13:48:38,589 INFO: Processing file: Wafer_12012020_111213.csv
2025-08-11 13:48:38,589 WARNING: Invalid filename format: Wafer_12012020_111213.csv
2025-08-11 13:48:38,590 INFO: [BAD] Wafer_12012020_111213.csv: Invalid filename format
2025-08-11 13:48:38,590 INFO: Processing file: Wafer_15010_130532.csv
2025-08-11 13:48:38,590 WARNING: Invalid filename format: Wafer_15010_130532.csv
2025-08-11 13:48:38,605 INFO: Column validation passed using hash comparison.
2025-08-11 13:48:38,606 INFO: [BAD] Wafer_15010_130532.csv: Invalid filename format
2025-08-11 13:48:38,624 INFO: [GOOD] wafer_28042020_031911_a54dc98c.csv
2025-08-11 13:48:38,626 INFO: File SHA256: b86db3f4308196a0...
2025-08-11 13:48:38,626 INFO: Column validation passed using hash comparison.
2025-08-11 13:48:38,629 INFO: [GOOD] wafer_13012020_090817_685c90f4.csv
2025-08-11 13:48:38,660 INFO: [GOOD] wafer_16012020_051629_b86db3f4.csv
2025-08-11 13:48:38,664 INFO: 
============================================================
Training Validation Summary:
Total files: 43
Valid files: 16 (37.2%)
Invalid files: 27 (62.8%)
Note: Missing value handling will occur during preprocessing stage
============================================================
2025-08-11 13:48:38,664 INFO: Rejection reasons:
2025-08-11 13:48:38,664 INFO:   Wafer_07012020_000000.csv: Invalid filename format
2025-08-11 13:48:38,664 INFO:   Wafer_text_130532.csv: Invalid filename format
2025-08-11 13:48:38,664 INFO:   Wafer_20012020_135132.csv: Invalid filename format
2025-08-11 13:48:38,664 INFO:   Waferdefault_15010_130532.csv: Invalid filename format
2025-08-11 13:48:38,664 INFO:   Wafer_22012020_173245.csv: Invalid filename format
2025-08-11 13:48:38,664 INFO:   Wafer_13012020_141000.csv: Invalid filename format
2025-08-11 13:48:38,664 INFO:   wafer_16012020_134553.csv: Last column should be 'Output' or 'Good/Bad', got 'Sensor-590'
2025-08-11 13:48:38,664 INFO:   Wafer_23012020_163456.csv: Invalid filename format
2025-08-11 13:48:38,665 INFO:   Wafer_10012020_131534.csv: Invalid filename format
2025-08-11 13:48:38,665 INFO:   Wafer_12012020_111.csv: Invalid filename format
2025-08-11 13:48:38,665 INFO:   Wafer_19012020_141432.csv: Invalid filename format
2025-08-11 13:48:38,665 INFO:   Wafer_24012020_150121.csv: Invalid filename format
2025-08-11 13:48:38,665 INFO:   wafer_20012020_090818.csv: Row 6: Column 'Sensor-16' expects float, got 'abc'
2025-08-11 13:48:38,665 INFO:   Wafer12_20012.csv: Invalid filename format
2025-08-11 13:48:38,665 INFO:   Wafer_18012020_121532.csv: Invalid filename format
2025-08-11 13:48:38,665 INFO:   Wafer_21012020_143634.csv: Invalid filename format
2025-08-11 13:48:38,665 INFO:   Wafer_fault_detection.csv: Invalid filename format
2025-08-11 13:48:38,665 INFO:   wafer_17012020_125434.csv: Last column should be 'Output' or 'Good/Bad', got 'Sensor-590'
2025-08-11 13:48:38,665 INFO:   Wafer_08012020_120000.csv: Invalid filename format
2025-08-11 13:48:38,665 INFO:   wafer_27012020_080912.csv: Columns do not match schema
2025-08-11 13:48:38,665 INFO:   Wafer_25012020_142112.csv: Invalid filename format
2025-08-11 13:48:38,665 INFO:   Wafer_07012020_223345.csv: Invalid filename format
2025-08-11 13:48:38,665 INFO:   Wafer_15012020_130532.csv: Invalid filename format
2025-08-11 13:48:38,665 INFO:   Wafer_11012020_151432.csv: Invalid filename format
2025-08-11 13:48:38,665 INFO:   Wafer_14012020_113045.csv: Invalid filename format
2025-08-11 13:48:38,665 INFO:   Wafer_12012020_111213.csv: Invalid filename format
2025-08-11 13:48:38,665 INFO:   Wafer_15010_130532.csv: Invalid filename format
2025-08-11 14:13:43,649 INFO: Validator initialized for mode: training
2025-08-11 14:13:43,649 INFO: Reading schema file...
2025-08-11 14:13:43,656 INFO: Schema loaded: 592 columns
2025-08-11 14:13:43,656 INFO: Setting up directories for validation...
2025-08-11 14:13:43,657 INFO: Removed existing directory: /workspaces/automated-semiconductor-fault-detection/data/training/good
2025-08-11 14:13:43,657 INFO: Created directory: /workspaces/automated-semiconductor-fault-detection/data/training/good
2025-08-11 14:13:43,660 INFO: Removed existing directory: /workspaces/automated-semiconductor-fault-detection/data/training/bad
2025-08-11 14:13:43,660 INFO: Created directory: /workspaces/automated-semiconductor-fault-detection/data/training/bad
2025-08-11 14:13:43,660 INFO: ============================================================
2025-08-11 14:13:43,660 INFO: === TRAINING Validation started at 2025-08-11 14:13:43 ===
2025-08-11 14:13:43,660 INFO: ============================================================
2025-08-11 14:13:43,660 INFO: Scanning input directory /workspaces/automated-semiconductor-fault-detection/data/training/input for CSV files...
2025-08-11 14:13:43,660 INFO: Found 43 CSV files to process
2025-08-11 14:13:43,661 INFO: Processing file: Wafer_07012020_000000.csv
2025-08-11 14:13:43,661 WARNING: Invalid filename format: Wafer_07012020_000000.csv
2025-08-11 14:13:43,662 INFO: [BAD] Wafer_07012020_000000.csv: Invalid filename format
2025-08-11 14:13:43,662 INFO: Processing file: Wafer_text_130532.csv
2025-08-11 14:13:43,662 WARNING: Invalid filename format: Wafer_text_130532.csv
2025-08-11 14:13:43,662 INFO: Processing file: wafer_21012020_080913.csv
2025-08-11 14:13:43,664 INFO: [BAD] Wafer_text_130532.csv: Invalid filename format
2025-08-11 14:13:43,664 INFO: File SHA256: d1605198b5041901...
2025-08-11 14:13:43,664 INFO: Processing file: Wafer_20012020_135132.csv
2025-08-11 14:13:43,665 INFO: Column validation passed using hash comparison.
2025-08-11 14:13:43,665 INFO: Processing file: wafer_23012020_011008.csv
2025-08-11 14:13:43,665 WARNING: Invalid filename format: Wafer_20012020_135132.csv
2025-08-11 14:13:43,665 INFO: Processing file: wafer_31012020_090811.csv
2025-08-11 14:13:43,685 INFO: File SHA256: ad2f1ded6ecad58b...
2025-08-11 14:13:43,686 INFO: [GOOD] wafer_21012020_080913_d1605198.csv
2025-08-11 14:13:43,686 INFO: [BAD] Wafer_20012020_135132.csv: Invalid filename format
2025-08-11 14:13:43,687 INFO: Column validation passed using hash comparison.
2025-08-11 14:13:43,688 INFO: Processing file: wafer_20012020_090819.csv
2025-08-11 14:13:43,706 INFO: Processing file: Waferdefault_15010_130532.csv
2025-08-11 14:13:43,706 WARNING: Invalid filename format: Waferdefault_15010_130532.csv
2025-08-11 14:13:43,707 INFO: [GOOD] wafer_23012020_011008_ad2f1ded.csv
2025-08-11 14:13:43,708 INFO: Processing file: wafer_20022020_090716.csv
2025-08-11 14:13:43,708 INFO: File SHA256: e747459419f96d6c...
2025-08-11 14:13:43,708 INFO: File SHA256: dd94e2657b6ccd31...
2025-08-11 14:13:43,709 INFO: Column validation passed using hash comparison.
2025-08-11 14:13:43,710 INFO: Column validation passed using hash comparison.
2025-08-11 14:13:43,715 INFO: [BAD] Waferdefault_15010_130532.csv: Invalid filename format
2025-08-11 14:13:43,715 INFO: Processing file: Wafer_22012020_173245.csv
2025-08-11 14:13:43,715 WARNING: Invalid filename format: Wafer_22012020_173245.csv
2025-08-11 14:13:43,715 INFO: [BAD] Wafer_22012020_173245.csv: Invalid filename format
2025-08-11 14:13:43,715 INFO: Processing file: Wafer_13012020_141000.csv
2025-08-11 14:13:43,716 WARNING: Invalid filename format: Wafer_13012020_141000.csv
2025-08-11 14:13:43,716 INFO: [BAD] Wafer_13012020_141000.csv: Invalid filename format
2025-08-11 14:13:43,716 INFO: Processing file: wafer_16012020_134553.csv
2025-08-11 14:13:43,736 INFO: File SHA256: e0a35d2e6b52b2ce...
2025-08-11 14:13:43,736 INFO: [GOOD] wafer_20022020_090716_dd94e265.csv
2025-08-11 14:13:43,737 INFO: Column validation passed using hash comparison.
2025-08-11 14:13:43,737 INFO: Processing file: wafer_23012020_041211.csv
2025-08-11 14:13:43,753 INFO: File SHA256: de0a888a8ee25bff...
2025-08-11 14:13:43,753 WARNING: Last column should be 'Output' or 'Good/Bad', got 'Sensor-590'
2025-08-11 14:13:43,753 INFO: [GOOD] wafer_31012020_090811_e7474594.csv
2025-08-11 14:13:43,753 WARNING: Column validation failed: Last column should be 'Output' or 'Good/Bad', got 'Sensor-590'
2025-08-11 14:13:43,755 INFO: Processing file: wafer_28012020_051011.csv
2025-08-11 14:13:43,756 INFO: File SHA256: 1d78b5f96648b029...
2025-08-11 14:13:43,756 INFO: [GOOD] wafer_20012020_090819_e0a35d2e.csv
2025-08-11 14:13:43,756 INFO: Column validation passed using hash comparison.
2025-08-11 14:13:43,757 INFO: Processing file: Wafer_23012020_163456.csv
2025-08-11 14:13:43,770 WARNING: Invalid filename format: Wafer_23012020_163456.csv
2025-08-11 14:13:43,770 INFO: [BAD] wafer_16012020_134553.csv: Last column should be 'Output' or 'Good/Bad', got 'Sensor-590'
2025-08-11 14:13:43,773 INFO: [BAD] Wafer_23012020_163456.csv: Invalid filename format
2025-08-11 14:13:43,774 INFO: Processing file: Wafer_12012020_111.csv
2025-08-11 14:13:43,781 INFO: Processing file: Wafer_10012020_131534.csv
2025-08-11 14:13:43,781 WARNING: Invalid filename format: Wafer_10012020_131534.csv
2025-08-11 14:13:43,781 WARNING: Invalid filename format: Wafer_12012020_111.csv
2025-08-11 14:13:43,782 INFO: [GOOD] wafer_23012020_041211_1d78b5f9.csv
2025-08-11 14:13:43,782 INFO: File SHA256: a6124fd085b75843...
2025-08-11 14:13:43,783 INFO: [BAD] Wafer_12012020_111.csv: Invalid filename format
2025-08-11 14:13:43,783 INFO: Processing file: wafer_20012020_090818.csv
2025-08-11 14:13:43,784 INFO: [BAD] Wafer_10012020_131534.csv: Invalid filename format
2025-08-11 14:13:43,784 INFO: Column validation passed using hash comparison.
2025-08-11 14:13:43,784 INFO: Processing file: Wafer_19012020_141432.csv
2025-08-11 14:13:43,785 WARNING: Invalid filename format: Wafer_19012020_141432.csv
2025-08-11 14:13:43,800 INFO: Processing file: Wafer_24012020_150121.csv
2025-08-11 14:13:43,800 WARNING: Invalid filename format: Wafer_24012020_150121.csv
2025-08-11 14:13:43,800 INFO: [BAD] Wafer_19012020_141432.csv: Invalid filename format
2025-08-11 14:13:43,801 INFO: [GOOD] wafer_28012020_051011_a6124fd0.csv
2025-08-11 14:13:43,801 INFO: Processing file: wafer_27012020_080911.csv
2025-08-11 14:13:43,802 INFO: File SHA256: f1d2f61c83b11721...
2025-08-11 14:13:43,802 INFO: Processing file: Wafer12_20012.csv
2025-08-11 14:13:43,803 WARNING: Invalid filename format: Wafer12_20012.csv
2025-08-11 14:13:43,803 INFO: [BAD] Wafer_24012020_150121.csv: Invalid filename format
2025-08-11 14:13:43,804 INFO: Column validation passed using hash comparison.
2025-08-11 14:13:43,804 INFO: Processing file: Wafer_18012020_121532.csv
2025-08-11 14:13:43,805 WARNING: Column 'Sensor-16' expects float, got 'abc'
2025-08-11 14:13:43,806 WARNING: Row 6 dtype validation failed: Column 'Sensor-16' expects float, got 'abc'
2025-08-11 14:13:43,806 INFO: File SHA256: ba78fb9374372dad...
2025-08-11 14:13:43,805 INFO: [BAD] Wafer12_20012.csv: Invalid filename format
2025-08-11 14:13:43,805 WARNING: Invalid filename format: Wafer_18012020_121532.csv
2025-08-11 14:13:43,807 INFO: [BAD] wafer_20012020_090818.csv: Row 6: Column 'Sensor-16' expects float, got 'abc'
2025-08-11 14:13:43,807 INFO: Processing file: wafer_22022020_041119.csv
2025-08-11 14:13:43,806 INFO: Column validation passed using hash comparison.
2025-08-11 14:13:43,807 INFO: Processing file: wafer_29012020_050617.csv
2025-08-11 14:13:43,824 INFO: File SHA256: 418c0260c3383dd7...
2025-08-11 14:13:43,824 INFO: [BAD] Wafer_18012020_121532.csv: Invalid filename format
2025-08-11 14:13:43,825 INFO: Processing file: wafer_17012020_125434.csv
2025-08-11 14:13:43,825 INFO: Column validation passed using hash comparison.
2025-08-11 14:13:43,842 INFO: [GOOD] wafer_27012020_080911_ba78fb93.csv
2025-08-11 14:13:43,843 INFO: Processing file: Wafer_21012020_143634.csv
2025-08-11 14:13:43,843 INFO: [GOOD] wafer_22022020_041119_418c0260.csv
2025-08-11 14:13:43,843 WARNING: Invalid filename format: Wafer_21012020_143634.csv
2025-08-11 14:13:43,843 INFO: File SHA256: 8b7ece090bae683a...
2025-08-11 14:13:43,844 INFO: Processing file: Wafer_fault_detection.csv
2025-08-11 14:13:43,845 INFO: Column validation passed using hash comparison.
2025-08-11 14:13:43,845 WARNING: Invalid filename format: Wafer_fault_detection.csv
2025-08-11 14:13:43,860 INFO: [BAD] Wafer_21012020_143634.csv: Invalid filename format
2025-08-11 14:13:43,861 INFO: Processing file: wafer_07012020_041011.csv
2025-08-11 14:13:43,862 INFO: [BAD] Wafer_fault_detection.csv: Invalid filename format
2025-08-11 14:13:43,862 INFO: File SHA256: c6bc8191caaf5ecb...
2025-08-11 14:13:43,862 INFO: Processing file: wafer_28012020_090817.csv
2025-08-11 14:13:43,862 INFO: [GOOD] wafer_29012020_050617_8b7ece09.csv
2025-08-11 14:13:43,863 WARNING: Last column should be 'Output' or 'Good/Bad', got 'Sensor-590'
2025-08-11 14:13:43,864 INFO: Processing file: wafer_29012020_060756.csv
2025-08-11 14:13:43,864 WARNING: Column validation failed: Last column should be 'Output' or 'Good/Bad', got 'Sensor-590'
2025-08-11 14:13:43,864 INFO: File SHA256: e1e13189cb272301...
2025-08-11 14:13:43,866 INFO: Column validation passed using hash comparison.
2025-08-11 14:13:43,866 INFO: File SHA256: 57d4d4b20e3f9157...
2025-08-11 14:13:43,882 INFO: Column validation passed using hash comparison.
2025-08-11 14:13:43,899 INFO: File SHA256: 32c908c1196125a8...
2025-08-11 14:13:43,899 INFO: [BAD] wafer_17012020_125434.csv: Last column should be 'Output' or 'Good/Bad', got 'Sensor-590'
2025-08-11 14:13:43,899 INFO: Processing file: wafer_27012020_080912.csv
2025-08-11 14:13:43,900 INFO: [GOOD] wafer_07012020_041011_e1e13189.csv
2025-08-11 14:13:43,900 INFO: Column validation passed using hash comparison.
2025-08-11 14:13:43,900 INFO: [GOOD] wafer_28012020_090817_57d4d4b2.csv
2025-08-11 14:13:43,901 INFO: Processing file: Wafer_08012020_120000.csv
2025-08-11 14:13:43,917 INFO: Processing file: Wafer_11012020_151432.csv
2025-08-11 14:13:43,917 WARNING: Invalid filename format: Wafer_08012020_120000.csv
2025-08-11 14:13:43,917 WARNING: Invalid filename format: Wafer_11012020_151432.csv
2025-08-11 14:13:43,918 INFO: [GOOD] wafer_29012020_060756_32c908c1.csv
2025-08-11 14:13:43,919 INFO: File SHA256: 74ecb99db989ca16...
2025-08-11 14:13:43,920 INFO: Processing file: Wafer_25012020_142112.csv
2025-08-11 14:13:43,920 INFO: [BAD] Wafer_08012020_120000.csv: Invalid filename format
2025-08-11 14:13:43,921 WARNING: Invalid filename format: Wafer_25012020_142112.csv
2025-08-11 14:13:43,921 WARNING: Columns do not match schema
2025-08-11 14:13:43,921 INFO: [BAD] Wafer_11012020_151432.csv: Invalid filename format
2025-08-11 14:13:43,921 INFO: Processing file: Wafer_07012020_223345.csv
2025-08-11 14:13:43,922 WARNING: Invalid filename format: Wafer_07012020_223345.csv
2025-08-11 14:13:43,921 WARNING: Column validation failed: Columns do not match schema
2025-08-11 14:13:43,921 INFO: [BAD] Wafer_25012020_142112.csv: Invalid filename format
2025-08-11 14:13:43,922 INFO: Processing file: wafer_13012020_090817.csv
2025-08-11 14:13:43,922 INFO: Processing file: Wafer_15012020_130532.csv
2025-08-11 14:13:43,923 INFO: [BAD] Wafer_07012020_223345.csv: Invalid filename format
2025-08-11 14:13:43,923 INFO: [BAD] wafer_27012020_080912.csv: Columns do not match schema
2025-08-11 14:13:43,923 WARNING: Invalid filename format: Wafer_15012020_130532.csv
2025-08-11 14:13:43,924 INFO: Processing file: wafer_28042020_031911.csv
2025-08-11 14:13:43,924 INFO: File SHA256: 685c90f461117301...
2025-08-11 14:13:43,924 INFO: Processing file: wafer_16012020_051629.csv
2025-08-11 14:13:43,925 INFO: Column validation passed using hash comparison.
2025-08-11 14:13:43,940 INFO: [BAD] Wafer_15012020_130532.csv: Invalid filename format
2025-08-11 14:13:43,941 INFO: Processing file: Wafer_14012020_113045.csv
2025-08-11 14:13:43,941 WARNING: Invalid filename format: Wafer_14012020_113045.csv
2025-08-11 14:13:43,941 INFO: [GOOD] wafer_13012020_090817_685c90f4.csv
2025-08-11 14:13:43,942 INFO: Processing file: Wafer_12012020_111213.csv
2025-08-11 14:13:43,942 WARNING: Invalid filename format: Wafer_12012020_111213.csv
2025-08-11 14:13:43,943 INFO: File SHA256: a54dc98c16a63418...
2025-08-11 14:13:43,943 INFO: File SHA256: b86db3f4308196a0...
2025-08-11 14:13:43,943 INFO: [BAD] Wafer_14012020_113045.csv: Invalid filename format
2025-08-11 14:13:43,944 INFO: Processing file: Wafer_15010_130532.csv
2025-08-11 14:13:43,944 WARNING: Invalid filename format: Wafer_15010_130532.csv
2025-08-11 14:13:43,944 INFO: [BAD] Wafer_12012020_111213.csv: Invalid filename format
2025-08-11 14:13:43,944 INFO: Column validation passed using hash comparison.
2025-08-11 14:13:43,945 INFO: Column validation passed using hash comparison.
2025-08-11 14:13:43,946 INFO: [BAD] Wafer_15010_130532.csv: Invalid filename format
2025-08-11 14:13:43,977 INFO: [GOOD] wafer_28042020_031911_a54dc98c.csv
2025-08-11 14:13:43,978 INFO: [GOOD] wafer_16012020_051629_b86db3f4.csv
2025-08-11 14:13:43,981 INFO: 
============================================================
Training Validation Summary:
Total files: 43
Valid files: 16 (37.2%)
Invalid files: 27 (62.8%)
Note: Missing value handling will occur during preprocessing stage
============================================================
2025-08-11 14:13:43,981 INFO: Rejection reasons:
2025-08-11 14:13:43,981 INFO:   Wafer_07012020_000000.csv: Invalid filename format
2025-08-11 14:13:43,981 INFO:   Wafer_text_130532.csv: Invalid filename format
2025-08-11 14:13:43,981 INFO:   Wafer_20012020_135132.csv: Invalid filename format
2025-08-11 14:13:43,981 INFO:   Waferdefault_15010_130532.csv: Invalid filename format
2025-08-11 14:13:43,981 INFO:   Wafer_22012020_173245.csv: Invalid filename format
2025-08-11 14:13:43,981 INFO:   Wafer_13012020_141000.csv: Invalid filename format
2025-08-11 14:13:43,981 INFO:   wafer_16012020_134553.csv: Last column should be 'Output' or 'Good/Bad', got 'Sensor-590'
2025-08-11 14:13:43,981 INFO:   Wafer_23012020_163456.csv: Invalid filename format
2025-08-11 14:13:43,981 INFO:   Wafer_12012020_111.csv: Invalid filename format
2025-08-11 14:13:43,981 INFO:   Wafer_10012020_131534.csv: Invalid filename format
2025-08-11 14:13:43,981 INFO:   Wafer_19012020_141432.csv: Invalid filename format
2025-08-11 14:13:43,981 INFO:   Wafer_24012020_150121.csv: Invalid filename format
2025-08-11 14:13:43,982 INFO:   Wafer12_20012.csv: Invalid filename format
2025-08-11 14:13:43,982 INFO:   wafer_20012020_090818.csv: Row 6: Column 'Sensor-16' expects float, got 'abc'
2025-08-11 14:13:43,982 INFO:   Wafer_18012020_121532.csv: Invalid filename format
2025-08-11 14:13:43,982 INFO:   Wafer_21012020_143634.csv: Invalid filename format
2025-08-11 14:13:43,982 INFO:   Wafer_fault_detection.csv: Invalid filename format
2025-08-11 14:13:43,982 INFO:   wafer_17012020_125434.csv: Last column should be 'Output' or 'Good/Bad', got 'Sensor-590'
2025-08-11 14:13:43,982 INFO:   Wafer_08012020_120000.csv: Invalid filename format
2025-08-11 14:13:43,982 INFO:   Wafer_11012020_151432.csv: Invalid filename format
2025-08-11 14:13:43,982 INFO:   Wafer_25012020_142112.csv: Invalid filename format
2025-08-11 14:13:43,982 INFO:   Wafer_07012020_223345.csv: Invalid filename format
2025-08-11 14:13:43,982 INFO:   wafer_27012020_080912.csv: Columns do not match schema
2025-08-11 14:13:43,982 INFO:   Wafer_15012020_130532.csv: Invalid filename format
2025-08-11 14:13:43,982 INFO:   Wafer_14012020_113045.csv: Invalid filename format
2025-08-11 14:13:43,982 INFO:   Wafer_12012020_111213.csv: Invalid filename format
2025-08-11 14:13:43,982 INFO:   Wafer_15010_130532.csv: Invalid filename format
2025-08-11 14:15:00,986 INFO: Validator initialized for mode: training
2025-08-11 14:15:00,986 INFO: Reading schema file...
2025-08-11 14:15:00,988 INFO: Schema loaded: 592 columns
2025-08-11 14:15:00,988 INFO: Setting up directories for validation...
2025-08-11 14:15:00,990 INFO: Removed existing directory: /workspaces/automated-semiconductor-fault-detection/data/training/good
2025-08-11 14:15:00,990 INFO: Created directory: /workspaces/automated-semiconductor-fault-detection/data/training/good
2025-08-11 14:15:00,993 INFO: Removed existing directory: /workspaces/automated-semiconductor-fault-detection/data/training/bad
2025-08-11 14:15:00,993 INFO: Created directory: /workspaces/automated-semiconductor-fault-detection/data/training/bad
2025-08-11 14:15:00,993 INFO: ============================================================
2025-08-11 14:15:00,993 INFO: === TRAINING Validation started at 2025-08-11 14:15:00 ===
2025-08-11 14:15:00,993 INFO: ============================================================
2025-08-11 14:15:00,993 INFO: Scanning input directory /workspaces/automated-semiconductor-fault-detection/data/training/input for CSV files...
2025-08-11 14:15:00,994 INFO: Found 43 CSV files to process
2025-08-11 14:15:00,994 INFO: Processing file: Wafer_07012020_000000.csv
2025-08-11 14:15:00,994 WARNING: Invalid filename format: Wafer_07012020_000000.csv
2025-08-11 14:15:00,995 INFO: Processing file: Wafer_text_130532.csv
2025-08-11 14:15:00,995 INFO: [BAD] Wafer_07012020_000000.csv: Invalid filename format
2025-08-11 14:15:00,995 WARNING: Invalid filename format: Wafer_text_130532.csv
2025-08-11 14:15:00,995 INFO: Processing file: wafer_21012020_080913.csv
2025-08-11 14:15:00,996 INFO: File SHA256: d1605198b5041901...
2025-08-11 14:15:00,997 INFO: [BAD] Wafer_text_130532.csv: Invalid filename format
2025-08-11 14:15:00,998 INFO: Processing file: Wafer_20012020_135132.csv
2025-08-11 14:15:00,998 INFO: Column validation passed using hash comparison.
2025-08-11 14:15:00,998 INFO: Processing file: wafer_23012020_011008.csv
2025-08-11 14:15:00,998 INFO: Processing file: wafer_31012020_090811.csv
2025-08-11 14:15:00,998 WARNING: Invalid filename format: Wafer_20012020_135132.csv
2025-08-11 14:15:00,999 INFO: [BAD] Wafer_20012020_135132.csv: Invalid filename format
2025-08-11 14:15:00,999 INFO: Processing file: wafer_20012020_090819.csv
2025-08-11 14:15:01,002 INFO: File SHA256: e747459419f96d6c...
2025-08-11 14:15:01,003 INFO: Column validation passed using hash comparison.
2025-08-11 14:15:01,035 INFO: [GOOD] wafer_21012020_080913_d1605198.csv
2025-08-11 14:15:01,037 INFO: Processing file: Waferdefault_15010_130532.csv
2025-08-11 14:15:01,041 WARNING: Invalid filename format: Waferdefault_15010_130532.csv
2025-08-11 14:15:01,041 INFO: File SHA256: e0a35d2e6b52b2ce...
2025-08-11 14:15:01,042 INFO: Column validation passed using hash comparison.
2025-08-11 14:15:01,042 INFO: File SHA256: ad2f1ded6ecad58b...
2025-08-11 14:15:01,042 INFO: [GOOD] wafer_31012020_090811_e7474594.csv
2025-08-11 14:15:01,054 INFO: [BAD] Waferdefault_15010_130532.csv: Invalid filename format
2025-08-11 14:15:01,064 INFO: Processing file: Wafer_22012020_173245.csv
2025-08-11 14:15:01,064 WARNING: Invalid filename format: Wafer_22012020_173245.csv
2025-08-11 14:15:01,064 INFO: [BAD] Wafer_22012020_173245.csv: Invalid filename format
2025-08-11 14:15:01,064 INFO: Processing file: Wafer_13012020_141000.csv
2025-08-11 14:15:01,065 WARNING: Invalid filename format: Wafer_13012020_141000.csv
2025-08-11 14:15:01,065 INFO: [BAD] Wafer_13012020_141000.csv: Invalid filename format
2025-08-11 14:15:01,065 INFO: Processing file: wafer_16012020_134553.csv
2025-08-11 14:15:01,059 INFO: Processing file: wafer_20022020_090716.csv
2025-08-11 14:15:01,066 INFO: File SHA256: dd94e2657b6ccd31...
2025-08-11 14:15:01,066 INFO: Column validation passed using hash comparison.
2025-08-11 14:15:01,063 INFO: Column validation passed using hash comparison.
2025-08-11 14:15:01,072 INFO: File SHA256: de0a888a8ee25bff...
2025-08-11 14:15:01,076 WARNING: Last column should be 'Output' or 'Good/Bad', got 'Sensor-590'
2025-08-11 14:15:01,077 WARNING: Column validation failed: Last column should be 'Output' or 'Good/Bad', got 'Sensor-590'
2025-08-11 14:15:01,091 INFO: [BAD] wafer_16012020_134553.csv: Last column should be 'Output' or 'Good/Bad', got 'Sensor-590'
2025-08-11 14:15:01,091 INFO: Processing file: wafer_23012020_041211.csv
2025-08-11 14:15:01,092 INFO: File SHA256: 1d78b5f96648b029...
2025-08-11 14:15:01,089 INFO: [GOOD] wafer_20012020_090819_e0a35d2e.csv
2025-08-11 14:15:01,100 INFO: Processing file: wafer_28012020_051011.csv
2025-08-11 14:15:01,108 INFO: File SHA256: a6124fd085b75843...
2025-08-11 14:15:01,109 INFO: Column validation passed using hash comparison.
2025-08-11 14:15:01,103 INFO: Column validation passed using hash comparison.
2025-08-11 14:15:01,121 INFO: [GOOD] wafer_20022020_090716_dd94e265.csv
2025-08-11 14:15:01,122 INFO: Processing file: Wafer_23012020_163456.csv
2025-08-11 14:15:01,122 WARNING: Invalid filename format: Wafer_23012020_163456.csv
2025-08-11 14:15:01,142 INFO: [BAD] Wafer_23012020_163456.csv: Invalid filename format
2025-08-11 14:15:01,146 INFO: [GOOD] wafer_28012020_051011_a6124fd0.csv
2025-08-11 14:15:01,147 INFO: Processing file: Wafer_12012020_111.csv
2025-08-11 14:15:01,167 WARNING: Invalid filename format: Wafer_12012020_111.csv
2025-08-11 14:15:01,167 INFO: Processing file: Wafer_10012020_131534.csv
2025-08-11 14:15:01,167 INFO: [BAD] Wafer_12012020_111.csv: Invalid filename format
2025-08-11 14:15:01,168 INFO: [GOOD] wafer_23012020_041211_1d78b5f9.csv
2025-08-11 14:15:01,168 INFO: [GOOD] wafer_23012020_011008_ad2f1ded.csv
2025-08-11 14:15:01,168 WARNING: Invalid filename format: Wafer_10012020_131534.csv
2025-08-11 14:15:01,169 INFO: Processing file: wafer_20012020_090818.csv
2025-08-11 14:15:01,170 INFO: Processing file: Wafer_19012020_141432.csv
2025-08-11 14:15:01,170 INFO: Processing file: Wafer_24012020_150121.csv
2025-08-11 14:15:01,171 WARNING: Invalid filename format: Wafer_19012020_141432.csv
2025-08-11 14:15:01,171 WARNING: Invalid filename format: Wafer_24012020_150121.csv
2025-08-11 14:15:01,172 INFO: [BAD] Wafer_19012020_141432.csv: Invalid filename format
2025-08-11 14:15:01,172 INFO: [BAD] Wafer_24012020_150121.csv: Invalid filename format
2025-08-11 14:15:01,172 INFO: Processing file: wafer_27012020_080911.csv
2025-08-11 14:15:01,173 INFO: File SHA256: f1d2f61c83b11721...
2025-08-11 14:15:01,173 INFO: Column validation passed using hash comparison.
2025-08-11 14:15:01,174 INFO: [BAD] Wafer_10012020_131534.csv: Invalid filename format
2025-08-11 14:15:01,174 WARNING: Column 'Sensor-16' expects float, got 'abc'
2025-08-11 14:15:01,175 WARNING: Row 6 dtype validation failed: Column 'Sensor-16' expects float, got 'abc'
2025-08-11 14:15:01,175 INFO: Processing file: Wafer_18012020_121532.csv
2025-08-11 14:15:01,174 INFO: Processing file: Wafer12_20012.csv
2025-08-11 14:15:01,175 WARNING: Invalid filename format: Wafer_18012020_121532.csv
2025-08-11 14:15:01,175 WARNING: Invalid filename format: Wafer12_20012.csv
2025-08-11 14:15:01,176 INFO: File SHA256: ba78fb9374372dad...
2025-08-11 14:15:01,177 INFO: Column validation passed using hash comparison.
2025-08-11 14:15:01,192 INFO: [BAD] Wafer12_20012.csv: Invalid filename format
2025-08-11 14:15:01,193 INFO: [BAD] wafer_20012020_090818.csv: Row 6: Column 'Sensor-16' expects float, got 'abc'
2025-08-11 14:15:01,193 INFO: Processing file: wafer_29012020_050617.csv
2025-08-11 14:15:01,193 INFO: [GOOD] wafer_27012020_080911_ba78fb93.csv
2025-08-11 14:15:01,194 INFO: [BAD] Wafer_18012020_121532.csv: Invalid filename format
2025-08-11 14:15:01,195 INFO: Processing file: wafer_22022020_041119.csv
2025-08-11 14:15:01,195 INFO: Processing file: wafer_17012020_125434.csv
2025-08-11 14:15:01,195 INFO: Processing file: Wafer_21012020_143634.csv
2025-08-11 14:15:01,196 WARNING: Invalid filename format: Wafer_21012020_143634.csv
2025-08-11 14:15:01,197 INFO: File SHA256: 418c0260c3383dd7...
2025-08-11 14:15:01,197 INFO: [BAD] Wafer_21012020_143634.csv: Invalid filename format
2025-08-11 14:15:01,197 INFO: Column validation passed using hash comparison.
2025-08-11 14:15:01,208 INFO: Processing file: Wafer_fault_detection.csv
2025-08-11 14:15:01,209 INFO: File SHA256: 8b7ece090bae683a...
2025-08-11 14:15:01,209 WARNING: Invalid filename format: Wafer_fault_detection.csv
2025-08-11 14:15:01,211 INFO: File SHA256: c6bc8191caaf5ecb...
2025-08-11 14:15:01,212 WARNING: Last column should be 'Output' or 'Good/Bad', got 'Sensor-590'
2025-08-11 14:15:01,215 WARNING: Column validation failed: Last column should be 'Output' or 'Good/Bad', got 'Sensor-590'
2025-08-11 14:15:01,216 INFO: [BAD] wafer_17012020_125434.csv: Last column should be 'Output' or 'Good/Bad', got 'Sensor-590'
2025-08-11 14:15:01,216 INFO: Processing file: wafer_07012020_041011.csv
2025-08-11 14:15:01,212 INFO: [BAD] Wafer_fault_detection.csv: Invalid filename format
2025-08-11 14:15:01,210 INFO: Column validation passed using hash comparison.
2025-08-11 14:15:01,217 INFO: Processing file: wafer_28012020_090817.csv
2025-08-11 14:15:01,224 INFO: File SHA256: e1e13189cb272301...
2025-08-11 14:15:01,239 INFO: Column validation passed using hash comparison.
2025-08-11 14:15:01,257 INFO: [GOOD] wafer_29012020_050617_8b7ece09.csv
2025-08-11 14:15:01,257 INFO: [GOOD] wafer_22022020_041119_418c0260.csv
2025-08-11 14:15:01,259 INFO: Processing file: wafer_29012020_060756.csv
2025-08-11 14:15:01,259 INFO: [GOOD] wafer_07012020_041011_e1e13189.csv
2025-08-11 14:15:01,260 INFO: Processing file: wafer_27012020_080912.csv
2025-08-11 14:15:01,261 INFO: File SHA256: 57d4d4b20e3f9157...
2025-08-11 14:15:01,262 INFO: Processing file: Wafer_08012020_120000.csv
2025-08-11 14:15:01,264 INFO: Column validation passed using hash comparison.
2025-08-11 14:15:01,264 INFO: File SHA256: 32c908c1196125a8...
2025-08-11 14:15:01,264 WARNING: Invalid filename format: Wafer_08012020_120000.csv
2025-08-11 14:15:01,264 INFO: File SHA256: 74ecb99db989ca16...
2025-08-11 14:15:01,280 INFO: Column validation passed using hash comparison.
2025-08-11 14:15:01,281 WARNING: Columns do not match schema
2025-08-11 14:15:01,281 INFO: [GOOD] wafer_28012020_090817_57d4d4b2.csv
2025-08-11 14:15:01,281 INFO: [BAD] Wafer_08012020_120000.csv: Invalid filename format
2025-08-11 14:15:01,298 WARNING: Column validation failed: Columns do not match schema
2025-08-11 14:15:01,300 INFO: Processing file: Wafer_25012020_142112.csv
2025-08-11 14:15:01,300 WARNING: Invalid filename format: Wafer_25012020_142112.csv
2025-08-11 14:15:01,301 INFO: [BAD] wafer_27012020_080912.csv: Columns do not match schema
2025-08-11 14:15:01,300 INFO: [GOOD] wafer_29012020_060756_32c908c1.csv
2025-08-11 14:15:01,299 INFO: Processing file: Wafer_11012020_151432.csv
2025-08-11 14:15:01,301 INFO: Processing file: Wafer_07012020_223345.csv
2025-08-11 14:15:01,302 WARNING: Invalid filename format: Wafer_07012020_223345.csv
2025-08-11 14:15:01,301 INFO: [BAD] Wafer_25012020_142112.csv: Invalid filename format
2025-08-11 14:15:01,302 WARNING: Invalid filename format: Wafer_11012020_151432.csv
2025-08-11 14:15:01,302 INFO: Processing file: wafer_13012020_090817.csv
2025-08-11 14:15:01,304 INFO: [BAD] Wafer_07012020_223345.csv: Invalid filename format
2025-08-11 14:15:01,304 INFO: [BAD] Wafer_11012020_151432.csv: Invalid filename format
2025-08-11 14:15:01,304 INFO: Processing file: wafer_16012020_051629.csv
2025-08-11 14:15:01,304 INFO: Processing file: Wafer_15012020_130532.csv
2025-08-11 14:15:01,304 INFO: Processing file: wafer_28042020_031911.csv
2025-08-11 14:15:01,305 WARNING: Invalid filename format: Wafer_15012020_130532.csv
2025-08-11 14:15:01,305 INFO: File SHA256: 685c90f461117301...
2025-08-11 14:15:01,306 INFO: Column validation passed using hash comparison.
2025-08-11 14:15:01,307 INFO: [BAD] Wafer_15012020_130532.csv: Invalid filename format
2025-08-11 14:15:01,308 INFO: Processing file: Wafer_14012020_113045.csv
2025-08-11 14:15:01,308 WARNING: Invalid filename format: Wafer_14012020_113045.csv
2025-08-11 14:15:01,308 INFO: File SHA256: b86db3f4308196a0...
2025-08-11 14:15:01,308 INFO: File SHA256: a54dc98c16a63418...
2025-08-11 14:15:01,314 INFO: Column validation passed using hash comparison.
2025-08-11 14:15:01,336 INFO: Column validation passed using hash comparison.
2025-08-11 14:15:01,340 INFO: [BAD] Wafer_14012020_113045.csv: Invalid filename format
2025-08-11 14:15:01,340 INFO: Processing file: Wafer_12012020_111213.csv
2025-08-11 14:15:01,340 WARNING: Invalid filename format: Wafer_12012020_111213.csv
2025-08-11 14:15:01,341 INFO: [BAD] Wafer_12012020_111213.csv: Invalid filename format
2025-08-11 14:15:01,341 INFO: [GOOD] wafer_13012020_090817_685c90f4.csv
2025-08-11 14:15:01,341 INFO: Processing file: Wafer_15010_130532.csv
2025-08-11 14:15:01,347 WARNING: Invalid filename format: Wafer_15010_130532.csv
2025-08-11 14:15:01,347 INFO: [BAD] Wafer_15010_130532.csv: Invalid filename format
2025-08-11 14:15:01,416 INFO: [GOOD] wafer_16012020_051629_b86db3f4.csv
2025-08-11 14:15:01,421 INFO: [GOOD] wafer_28042020_031911_a54dc98c.csv
2025-08-11 14:15:01,423 INFO: 
============================================================
Training Validation Summary:
Total files: 43
Valid files: 16 (37.2%)
Invalid files: 27 (62.8%)
Note: Missing value handling will occur during preprocessing stage
============================================================
2025-08-11 14:15:01,423 INFO: Rejection reasons:
2025-08-11 14:15:01,423 INFO:   Wafer_07012020_000000.csv: Invalid filename format
2025-08-11 14:15:01,423 INFO:   Wafer_text_130532.csv: Invalid filename format
2025-08-11 14:15:01,423 INFO:   Wafer_20012020_135132.csv: Invalid filename format
2025-08-11 14:15:01,423 INFO:   Waferdefault_15010_130532.csv: Invalid filename format
2025-08-11 14:15:01,423 INFO:   Wafer_22012020_173245.csv: Invalid filename format
2025-08-11 14:15:01,423 INFO:   Wafer_13012020_141000.csv: Invalid filename format
2025-08-11 14:15:01,423 INFO:   wafer_16012020_134553.csv: Last column should be 'Output' or 'Good/Bad', got 'Sensor-590'
2025-08-11 14:15:01,423 INFO:   Wafer_23012020_163456.csv: Invalid filename format
2025-08-11 14:15:01,423 INFO:   Wafer_12012020_111.csv: Invalid filename format
2025-08-11 14:15:01,423 INFO:   Wafer_19012020_141432.csv: Invalid filename format
2025-08-11 14:15:01,424 INFO:   Wafer_24012020_150121.csv: Invalid filename format
2025-08-11 14:15:01,424 INFO:   Wafer_10012020_131534.csv: Invalid filename format
2025-08-11 14:15:01,424 INFO:   Wafer12_20012.csv: Invalid filename format
2025-08-11 14:15:01,424 INFO:   wafer_20012020_090818.csv: Row 6: Column 'Sensor-16' expects float, got 'abc'
2025-08-11 14:15:01,424 INFO:   Wafer_18012020_121532.csv: Invalid filename format
2025-08-11 14:15:01,424 INFO:   Wafer_21012020_143634.csv: Invalid filename format
2025-08-11 14:15:01,424 INFO:   Wafer_fault_detection.csv: Invalid filename format
2025-08-11 14:15:01,424 INFO:   wafer_17012020_125434.csv: Last column should be 'Output' or 'Good/Bad', got 'Sensor-590'
2025-08-11 14:15:01,424 INFO:   Wafer_08012020_120000.csv: Invalid filename format
2025-08-11 14:15:01,424 INFO:   wafer_27012020_080912.csv: Columns do not match schema
2025-08-11 14:15:01,424 INFO:   Wafer_25012020_142112.csv: Invalid filename format
2025-08-11 14:15:01,424 INFO:   Wafer_07012020_223345.csv: Invalid filename format
2025-08-11 14:15:01,424 INFO:   Wafer_11012020_151432.csv: Invalid filename format
2025-08-11 14:15:01,424 INFO:   Wafer_15012020_130532.csv: Invalid filename format
2025-08-11 14:15:01,424 INFO:   Wafer_14012020_113045.csv: Invalid filename format
2025-08-11 14:15:01,424 INFO:   Wafer_12012020_111213.csv: Invalid filename format
2025-08-11 14:15:01,424 INFO:   Wafer_15010_130532.csv: Invalid filename format
2025-08-11 14:21:55,304 INFO: Validator initialized for mode: training
2025-08-11 14:21:55,304 INFO: Reading schema file...
2025-08-11 14:21:55,307 INFO: Schema loaded: 592 columns
2025-08-11 14:21:55,307 INFO: Setting up directories for validation...
2025-08-11 14:21:55,308 INFO: Removed existing directory: /workspaces/automated-semiconductor-fault-detection/data/training/good
2025-08-11 14:21:55,308 INFO: Created directory: /workspaces/automated-semiconductor-fault-detection/data/training/good
2025-08-11 14:21:55,311 INFO: Removed existing directory: /workspaces/automated-semiconductor-fault-detection/data/training/bad
2025-08-11 14:21:55,311 INFO: Created directory: /workspaces/automated-semiconductor-fault-detection/data/training/bad
2025-08-11 14:21:55,311 INFO: ============================================================
2025-08-11 14:21:55,311 INFO: === TRAINING Validation started at 2025-08-11 14:21:55 ===
2025-08-11 14:21:55,311 INFO: ============================================================
2025-08-11 14:21:55,312 INFO: Scanning input directory /workspaces/automated-semiconductor-fault-detection/data/training/input for CSV files...
2025-08-11 14:21:55,312 INFO: Found 43 CSV files to process
2025-08-11 14:21:55,312 INFO: Processing file: Wafer_07012020_000000.csv
2025-08-11 14:21:55,312 WARNING: Invalid filename format: Wafer_07012020_000000.csv
2025-08-11 14:21:55,313 INFO: Processing file: Wafer_text_130532.csv
2025-08-11 14:21:55,313 INFO: [BAD] Wafer_07012020_000000.csv: Invalid filename format
2025-08-11 14:21:55,313 WARNING: Invalid filename format: Wafer_text_130532.csv
2025-08-11 14:21:55,313 INFO: Processing file: wafer_21012020_080913.csv
2025-08-11 14:21:55,314 INFO: Processing file: Wafer_20012020_135132.csv
2025-08-11 14:21:55,315 INFO: File SHA256: d1605198b5041901...
2025-08-11 14:21:55,315 INFO: Processing file: wafer_23012020_011008.csv
2025-08-11 14:21:55,314 INFO: [BAD] Wafer_text_130532.csv: Invalid filename format
2025-08-11 14:21:55,316 INFO: Column validation passed using hash comparison.
2025-08-11 14:21:55,316 WARNING: Invalid filename format: Wafer_20012020_135132.csv
2025-08-11 14:21:55,316 INFO: Processing file: wafer_31012020_090811.csv
2025-08-11 14:21:55,331 INFO: File SHA256: ad2f1ded6ecad58b...
2025-08-11 14:21:55,340 INFO: Column validation passed using hash comparison.
2025-08-11 14:21:55,341 INFO: [GOOD] wafer_21012020_080913_d1605198.csv
2025-08-11 14:21:55,341 INFO: [BAD] Wafer_20012020_135132.csv: Invalid filename format
2025-08-11 14:21:55,351 INFO: Processing file: wafer_20012020_090819.csv
2025-08-11 14:21:55,360 INFO: File SHA256: e0a35d2e6b52b2ce...
2025-08-11 14:21:55,360 INFO: Processing file: Waferdefault_15010_130532.csv
2025-08-11 14:21:55,365 WARNING: Invalid filename format: Waferdefault_15010_130532.csv
2025-08-11 14:21:55,365 INFO: Column validation passed using hash comparison.
2025-08-11 14:21:55,365 INFO: [BAD] Waferdefault_15010_130532.csv: Invalid filename format
2025-08-11 14:21:55,366 INFO: [GOOD] wafer_23012020_011008_ad2f1ded.csv
2025-08-11 14:21:55,382 INFO: Processing file: wafer_20022020_090716.csv
2025-08-11 14:21:55,382 INFO: File SHA256: e747459419f96d6c...
2025-08-11 14:21:55,383 INFO: Processing file: Wafer_22012020_173245.csv
2025-08-11 14:21:55,384 INFO: [GOOD] wafer_20012020_090819_e0a35d2e.csv
2025-08-11 14:21:55,384 INFO: Column validation passed using hash comparison.
2025-08-11 14:21:55,384 WARNING: Invalid filename format: Wafer_22012020_173245.csv
2025-08-11 14:21:55,401 INFO: File SHA256: dd94e2657b6ccd31...
2025-08-11 14:21:55,402 INFO: Processing file: Wafer_13012020_141000.csv
2025-08-11 14:21:55,403 INFO: [GOOD] wafer_31012020_090811_e7474594.csv
2025-08-11 14:21:55,403 INFO: [BAD] Wafer_22012020_173245.csv: Invalid filename format
2025-08-11 14:21:55,403 WARNING: Invalid filename format: Wafer_13012020_141000.csv
2025-08-11 14:21:55,404 INFO: [BAD] Wafer_13012020_141000.csv: Invalid filename format
2025-08-11 14:21:55,404 INFO: Processing file: wafer_16012020_134553.csv
2025-08-11 14:21:55,405 INFO: Column validation passed using hash comparison.
2025-08-11 14:21:55,406 INFO: Processing file: wafer_23012020_041211.csv
2025-08-11 14:21:55,406 INFO: Processing file: wafer_28012020_051011.csv
2025-08-11 14:21:55,407 INFO: File SHA256: de0a888a8ee25bff...
2025-08-11 14:21:55,409 INFO: File SHA256: a6124fd085b75843...
2025-08-11 14:21:55,416 WARNING: Last column should be 'Output' or 'Good/Bad', got 'Sensor-590'
2025-08-11 14:21:55,417 WARNING: Column validation failed: Last column should be 'Output' or 'Good/Bad', got 'Sensor-590'
2025-08-11 14:21:55,417 INFO: Column validation passed using hash comparison.
2025-08-11 14:21:55,433 INFO: File SHA256: 1d78b5f96648b029...
2025-08-11 14:21:55,434 INFO: Column validation passed using hash comparison.
2025-08-11 14:21:55,444 INFO: [BAD] wafer_16012020_134553.csv: Last column should be 'Output' or 'Good/Bad', got 'Sensor-590'
2025-08-11 14:21:55,444 INFO: [GOOD] wafer_20022020_090716_dd94e265.csv
2025-08-11 14:21:55,450 INFO: Processing file: Wafer_23012020_163456.csv
2025-08-11 14:21:55,450 INFO: Processing file: Wafer_12012020_111.csv
2025-08-11 14:21:55,451 WARNING: Invalid filename format: Wafer_12012020_111.csv
2025-08-11 14:21:55,451 INFO: [BAD] Wafer_12012020_111.csv: Invalid filename format
2025-08-11 14:21:55,451 INFO: [GOOD] wafer_28012020_051011_a6124fd0.csv
2025-08-11 14:21:55,453 INFO: Processing file: wafer_20012020_090818.csv
2025-08-11 14:21:55,450 WARNING: Invalid filename format: Wafer_23012020_163456.csv
2025-08-11 14:21:55,452 INFO: [GOOD] wafer_23012020_041211_1d78b5f9.csv
2025-08-11 14:21:55,452 INFO: Processing file: Wafer_10012020_131534.csv
2025-08-11 14:21:55,455 INFO: Processing file: Wafer_19012020_141432.csv
2025-08-11 14:21:55,456 INFO: File SHA256: f1d2f61c83b11721...
2025-08-11 14:21:55,456 WARNING: Invalid filename format: Wafer_10012020_131534.csv
2025-08-11 14:21:55,456 INFO: [BAD] Wafer_10012020_131534.csv: Invalid filename format
2025-08-11 14:21:55,456 INFO: [BAD] Wafer_23012020_163456.csv: Invalid filename format
2025-08-11 14:21:55,456 WARNING: Invalid filename format: Wafer_19012020_141432.csv
2025-08-11 14:21:55,457 INFO: Processing file: Wafer_24012020_150121.csv
2025-08-11 14:21:55,457 INFO: Processing file: wafer_27012020_080911.csv
2025-08-11 14:21:55,457 WARNING: Invalid filename format: Wafer_24012020_150121.csv
2025-08-11 14:21:55,458 INFO: Column validation passed using hash comparison.
2025-08-11 14:21:55,458 INFO: [BAD] Wafer_19012020_141432.csv: Invalid filename format
2025-08-11 14:21:55,459 WARNING: Column 'Sensor-16' expects float, got 'abc'
2025-08-11 14:21:55,459 WARNING: Row 6 dtype validation failed: Column 'Sensor-16' expects float, got 'abc'
2025-08-11 14:21:55,460 INFO: Processing file: Wafer12_20012.csv
2025-08-11 14:21:55,460 INFO: [BAD] Wafer_24012020_150121.csv: Invalid filename format
2025-08-11 14:21:55,460 WARNING: Invalid filename format: Wafer12_20012.csv
2025-08-11 14:21:55,460 INFO: Processing file: Wafer_18012020_121532.csv
2025-08-11 14:21:55,461 WARNING: Invalid filename format: Wafer_18012020_121532.csv
2025-08-11 14:21:55,461 INFO: [BAD] wafer_20012020_090818.csv: Row 6: Column 'Sensor-16' expects float, got 'abc'
2025-08-11 14:21:55,462 INFO: File SHA256: ba78fb9374372dad...
2025-08-11 14:21:55,462 INFO: Processing file: wafer_29012020_050617.csv
2025-08-11 14:21:55,462 INFO: [BAD] Wafer_18012020_121532.csv: Invalid filename format
2025-08-11 14:21:55,462 INFO: [BAD] Wafer12_20012.csv: Invalid filename format
2025-08-11 14:21:55,463 INFO: Column validation passed using hash comparison.
2025-08-11 14:21:55,463 INFO: Processing file: wafer_22022020_041119.csv
2025-08-11 14:21:55,479 INFO: Processing file: wafer_17012020_125434.csv
2025-08-11 14:21:55,479 INFO: File SHA256: 8b7ece090bae683a...
2025-08-11 14:21:55,480 INFO: [GOOD] wafer_27012020_080911_ba78fb93.csv
2025-08-11 14:21:55,480 INFO: Column validation passed using hash comparison.
2025-08-11 14:21:55,481 INFO: Processing file: Wafer_21012020_143634.csv
2025-08-11 14:21:55,496 WARNING: Invalid filename format: Wafer_21012020_143634.csv
2025-08-11 14:21:55,496 INFO: File SHA256: c6bc8191caaf5ecb...
2025-08-11 14:21:55,497 WARNING: Last column should be 'Output' or 'Good/Bad', got 'Sensor-590'
2025-08-11 14:21:55,497 WARNING: Column validation failed: Last column should be 'Output' or 'Good/Bad', got 'Sensor-590'
2025-08-11 14:21:55,497 INFO: [GOOD] wafer_29012020_050617_8b7ece09.csv
2025-08-11 14:21:55,498 INFO: Processing file: Wafer_fault_detection.csv
2025-08-11 14:21:55,499 INFO: [BAD] wafer_17012020_125434.csv: Last column should be 'Output' or 'Good/Bad', got 'Sensor-590'
2025-08-11 14:21:55,499 WARNING: Invalid filename format: Wafer_fault_detection.csv
2025-08-11 14:21:55,499 INFO: File SHA256: 418c0260c3383dd7...
2025-08-11 14:21:55,500 INFO: [BAD] Wafer_21012020_143634.csv: Invalid filename format
2025-08-11 14:21:55,500 INFO: [BAD] Wafer_fault_detection.csv: Invalid filename format
2025-08-11 14:21:55,501 INFO: Column validation passed using hash comparison.
2025-08-11 14:21:55,501 INFO: Processing file: wafer_07012020_041011.csv
2025-08-11 14:21:55,515 INFO: Processing file: wafer_28012020_090817.csv
2025-08-11 14:21:55,515 INFO: Processing file: wafer_29012020_060756.csv
2025-08-11 14:21:55,516 INFO: [GOOD] wafer_22022020_041119_418c0260.csv
2025-08-11 14:21:55,517 INFO: Processing file: wafer_27012020_080912.csv
2025-08-11 14:21:55,518 INFO: File SHA256: 57d4d4b20e3f9157...
2025-08-11 14:21:55,518 INFO: File SHA256: 32c908c1196125a8...
2025-08-11 14:21:55,519 INFO: Column validation passed using hash comparison.
2025-08-11 14:21:55,534 INFO: Column validation passed using hash comparison.
2025-08-11 14:21:55,537 INFO: File SHA256: 74ecb99db989ca16...
2025-08-11 14:21:55,538 WARNING: Columns do not match schema
2025-08-11 14:21:55,538 WARNING: Column validation failed: Columns do not match schema
2025-08-11 14:21:55,538 INFO: [BAD] wafer_27012020_080912.csv: Columns do not match schema
2025-08-11 14:21:55,539 INFO: Processing file: Wafer_08012020_120000.csv
2025-08-11 14:21:55,539 WARNING: Invalid filename format: Wafer_08012020_120000.csv
2025-08-11 14:21:55,539 INFO: [BAD] Wafer_08012020_120000.csv: Invalid filename format
2025-08-11 14:21:55,539 INFO: Processing file: Wafer_11012020_151432.csv
2025-08-11 14:21:55,539 WARNING: Invalid filename format: Wafer_11012020_151432.csv
2025-08-11 14:21:55,540 INFO: File SHA256: e1e13189cb272301...
2025-08-11 14:21:55,541 INFO: Column validation passed using hash comparison.
2025-08-11 14:21:55,545 INFO: [GOOD] wafer_29012020_060756_32c908c1.csv
2025-08-11 14:21:55,546 INFO: Processing file: Wafer_25012020_142112.csv
2025-08-11 14:21:55,573 WARNING: Invalid filename format: Wafer_25012020_142112.csv
2025-08-11 14:21:55,574 INFO: [BAD] Wafer_11012020_151432.csv: Invalid filename format
2025-08-11 14:21:55,574 INFO: [GOOD] wafer_07012020_041011_e1e13189.csv
2025-08-11 14:21:55,574 INFO: [GOOD] wafer_28012020_090817_57d4d4b2.csv
2025-08-11 14:21:55,575 INFO: Processing file: Wafer_07012020_223345.csv
2025-08-11 14:21:55,575 INFO: [BAD] Wafer_25012020_142112.csv: Invalid filename format
2025-08-11 14:21:55,576 INFO: Processing file: wafer_13012020_090817.csv
2025-08-11 14:21:55,576 INFO: Processing file: Wafer_15012020_130532.csv
2025-08-11 14:21:55,577 WARNING: Invalid filename format: Wafer_07012020_223345.csv
2025-08-11 14:21:55,577 WARNING: Invalid filename format: Wafer_15012020_130532.csv
2025-08-11 14:21:55,577 INFO: Processing file: wafer_28042020_031911.csv
2025-08-11 14:21:55,578 INFO: File SHA256: 685c90f461117301...
2025-08-11 14:21:55,579 INFO: File SHA256: a54dc98c16a63418...
2025-08-11 14:21:55,579 INFO: [BAD] Wafer_07012020_223345.csv: Invalid filename format
2025-08-11 14:21:55,579 INFO: Column validation passed using hash comparison.
2025-08-11 14:21:55,579 INFO: Processing file: wafer_16012020_051629.csv
2025-08-11 14:21:55,580 INFO: Column validation passed using hash comparison.
2025-08-11 14:21:55,612 INFO: [GOOD] wafer_28042020_031911_a54dc98c.csv
2025-08-11 14:21:55,613 INFO: [BAD] Wafer_15012020_130532.csv: Invalid filename format
2025-08-11 14:21:55,613 INFO: Processing file: Wafer_14012020_113045.csv
2025-08-11 14:21:55,614 INFO: Processing file: Wafer_12012020_111213.csv
2025-08-11 14:21:55,614 WARNING: Invalid filename format: Wafer_14012020_113045.csv
2025-08-11 14:21:55,614 INFO: [GOOD] wafer_13012020_090817_685c90f4.csv
2025-08-11 14:21:55,616 INFO: Processing file: Wafer_15010_130532.csv
2025-08-11 14:21:55,615 WARNING: Invalid filename format: Wafer_12012020_111213.csv
2025-08-11 14:21:55,615 INFO: File SHA256: b86db3f4308196a0...
2025-08-11 14:21:55,616 WARNING: Invalid filename format: Wafer_15010_130532.csv
2025-08-11 14:21:55,618 INFO: Column validation passed using hash comparison.
2025-08-11 14:21:55,621 INFO: [BAD] Wafer_14012020_113045.csv: Invalid filename format
2025-08-11 14:21:55,622 INFO: [BAD] Wafer_12012020_111213.csv: Invalid filename format
2025-08-11 14:21:55,622 INFO: [BAD] Wafer_15010_130532.csv: Invalid filename format
2025-08-11 14:21:55,653 INFO: [GOOD] wafer_16012020_051629_b86db3f4.csv
2025-08-11 14:21:55,655 INFO: 
============================================================
Training Validation Summary:
Total files: 43
Valid files: 16 (37.2%)
Invalid files: 27 (62.8%)
Note: Missing value handling will occur during preprocessing stage
============================================================
2025-08-11 14:21:55,655 INFO: Rejection reasons:
2025-08-11 14:21:55,656 INFO:   Wafer_07012020_000000.csv: Invalid filename format
2025-08-11 14:21:55,656 INFO:   Wafer_text_130532.csv: Invalid filename format
2025-08-11 14:21:55,656 INFO:   Wafer_20012020_135132.csv: Invalid filename format
2025-08-11 14:21:55,656 INFO:   Waferdefault_15010_130532.csv: Invalid filename format
2025-08-11 14:21:55,656 INFO:   Wafer_22012020_173245.csv: Invalid filename format
2025-08-11 14:21:55,656 INFO:   Wafer_13012020_141000.csv: Invalid filename format
2025-08-11 14:21:55,657 INFO:   wafer_16012020_134553.csv: Last column should be 'Output' or 'Good/Bad', got 'Sensor-590'
2025-08-11 14:21:55,657 INFO:   Wafer_12012020_111.csv: Invalid filename format
2025-08-11 14:21:55,657 INFO:   Wafer_10012020_131534.csv: Invalid filename format
2025-08-11 14:21:55,657 INFO:   Wafer_23012020_163456.csv: Invalid filename format
2025-08-11 14:21:55,657 INFO:   Wafer_19012020_141432.csv: Invalid filename format
2025-08-11 14:21:55,657 INFO:   Wafer_24012020_150121.csv: Invalid filename format
2025-08-11 14:21:55,658 INFO:   wafer_20012020_090818.csv: Row 6: Column 'Sensor-16' expects float, got 'abc'
2025-08-11 14:21:55,658 INFO:   Wafer12_20012.csv: Invalid filename format
2025-08-11 14:21:55,658 INFO:   Wafer_18012020_121532.csv: Invalid filename format
2025-08-11 14:21:55,658 INFO:   wafer_17012020_125434.csv: Last column should be 'Output' or 'Good/Bad', got 'Sensor-590'
2025-08-11 14:21:55,658 INFO:   Wafer_21012020_143634.csv: Invalid filename format
2025-08-11 14:21:55,658 INFO:   Wafer_fault_detection.csv: Invalid filename format
2025-08-11 14:21:55,658 INFO:   wafer_27012020_080912.csv: Columns do not match schema
2025-08-11 14:21:55,658 INFO:   Wafer_08012020_120000.csv: Invalid filename format
2025-08-11 14:21:55,659 INFO:   Wafer_11012020_151432.csv: Invalid filename format
2025-08-11 14:21:55,659 INFO:   Wafer_25012020_142112.csv: Invalid filename format
2025-08-11 14:21:55,659 INFO:   Wafer_07012020_223345.csv: Invalid filename format
2025-08-11 14:21:55,659 INFO:   Wafer_15012020_130532.csv: Invalid filename format
2025-08-11 14:21:55,659 INFO:   Wafer_14012020_113045.csv: Invalid filename format
2025-08-11 14:21:55,659 INFO:   Wafer_12012020_111213.csv: Invalid filename format
2025-08-11 14:21:55,659 INFO:   Wafer_15010_130532.csv: Invalid filename format
2025-08-11 15:06:20,743 INFO: Validator initialized for mode: training
2025-08-11 15:06:20,743 INFO: Reading schema file...
2025-08-11 15:06:20,746 INFO: Schema loaded: 592 columns
2025-08-11 15:06:20,746 INFO: Setting up directories for validation...
2025-08-11 15:06:20,747 INFO: Removed existing directory: /workspaces/automated-semiconductor-fault-detection/data/training/good
2025-08-11 15:06:20,747 INFO: Created directory: /workspaces/automated-semiconductor-fault-detection/data/training/good
2025-08-11 15:06:20,750 INFO: Removed existing directory: /workspaces/automated-semiconductor-fault-detection/data/training/bad
2025-08-11 15:06:20,751 INFO: Created directory: /workspaces/automated-semiconductor-fault-detection/data/training/bad
2025-08-11 15:06:20,751 INFO: ============================================================
2025-08-11 15:06:20,751 INFO: === TRAINING Validation started at 2025-08-11 15:06:20 ===
2025-08-11 15:06:20,751 INFO: ============================================================
2025-08-11 15:06:20,751 INFO: Scanning input directory /workspaces/automated-semiconductor-fault-detection/data/training/input for CSV files...
2025-08-11 15:06:20,751 INFO: Found 43 CSV files to process
2025-08-11 15:06:20,753 INFO: Processing file: Wafer_07012020_000000.csv
2025-08-11 15:06:20,754 WARNING: Invalid filename format: Wafer_07012020_000000.csv
2025-08-11 15:06:20,754 INFO: [BAD] Wafer_07012020_000000.csv: Invalid filename format
2025-08-11 15:06:20,755 INFO: Processing file: Wafer_text_130532.csv
2025-08-11 15:06:20,755 INFO: Processing file: wafer_21012020_080913.csv
2025-08-11 15:06:20,755 WARNING: Invalid filename format: Wafer_text_130532.csv
2025-08-11 15:06:20,755 INFO: Processing file: Wafer_20012020_135132.csv
2025-08-11 15:06:20,756 WARNING: Invalid filename format: Wafer_20012020_135132.csv
2025-08-11 15:06:20,756 INFO: Processing file: wafer_23012020_011008.csv
2025-08-11 15:06:20,757 INFO: [BAD] Wafer_text_130532.csv: Invalid filename format
2025-08-11 15:06:20,757 INFO: Processing file: wafer_31012020_090811.csv
2025-08-11 15:06:20,758 INFO: File SHA256: d1605198b5041901...
2025-08-11 15:06:20,758 INFO: [BAD] Wafer_20012020_135132.csv: Invalid filename format
2025-08-11 15:06:20,759 INFO: Column validation passed using hash comparison.
2025-08-11 15:06:20,778 INFO: Processing file: wafer_20012020_090819.csv
2025-08-11 15:06:20,779 INFO: [GOOD] wafer_21012020_080913_d1605198.csv
2025-08-11 15:06:20,780 INFO: Processing file: Waferdefault_15010_130532.csv
2025-08-11 15:06:20,780 WARNING: Invalid filename format: Waferdefault_15010_130532.csv
2025-08-11 15:06:20,781 INFO: [BAD] Waferdefault_15010_130532.csv: Invalid filename format
2025-08-11 15:06:20,781 INFO: File SHA256: e747459419f96d6c...
2025-08-11 15:06:20,781 INFO: Column validation passed using hash comparison.
2025-08-11 15:06:20,799 INFO: File SHA256: e0a35d2e6b52b2ce...
2025-08-11 15:06:20,800 INFO: Column validation passed using hash comparison.
2025-08-11 15:06:20,802 INFO: Processing file: wafer_20022020_090716.csv
2025-08-11 15:06:20,803 INFO: File SHA256: dd94e2657b6ccd31...
2025-08-11 15:06:20,803 INFO: File SHA256: ad2f1ded6ecad58b...
2025-08-11 15:06:20,808 INFO: Column validation passed using hash comparison.
2025-08-11 15:06:20,808 INFO: Column validation passed using hash comparison.
2025-08-11 15:06:20,840 INFO: [GOOD] wafer_20022020_090716_dd94e265.csv
2025-08-11 15:06:20,841 INFO: Processing file: Wafer_22012020_173245.csv
2025-08-11 15:06:20,842 INFO: [GOOD] wafer_31012020_090811_e7474594.csv
2025-08-11 15:06:20,842 WARNING: Invalid filename format: Wafer_22012020_173245.csv
2025-08-11 15:06:20,842 INFO: [GOOD] wafer_20012020_090819_e0a35d2e.csv
2025-08-11 15:06:20,844 INFO: Processing file: Wafer_13012020_141000.csv
2025-08-11 15:06:20,848 WARNING: Invalid filename format: Wafer_13012020_141000.csv
2025-08-11 15:06:20,844 INFO: [BAD] Wafer_22012020_173245.csv: Invalid filename format
2025-08-11 15:06:20,846 INFO: Processing file: wafer_16012020_134553.csv
2025-08-11 15:06:20,857 INFO: [BAD] Wafer_13012020_141000.csv: Invalid filename format
2025-08-11 15:06:20,858 INFO: Processing file: wafer_23012020_041211.csv
2025-08-11 15:06:20,859 INFO: [GOOD] wafer_23012020_011008_ad2f1ded.csv
2025-08-11 15:06:20,860 INFO: Processing file: wafer_28012020_051011.csv
2025-08-11 15:06:20,862 INFO: File SHA256: a6124fd085b75843...
2025-08-11 15:06:20,861 INFO: File SHA256: de0a888a8ee25bff...
2025-08-11 15:06:20,861 INFO: Processing file: Wafer_23012020_163456.csv
2025-08-11 15:06:20,863 WARNING: Invalid filename format: Wafer_23012020_163456.csv
2025-08-11 15:06:20,861 INFO: File SHA256: 1d78b5f96648b029...
2025-08-11 15:06:20,863 WARNING: Last column should be 'Output' or 'Good/Bad', got 'Sensor-590'
2025-08-11 15:06:20,865 WARNING: Column validation failed: Last column should be 'Output' or 'Good/Bad', got 'Sensor-590'
2025-08-11 15:06:20,865 INFO: [BAD] wafer_16012020_134553.csv: Last column should be 'Output' or 'Good/Bad', got 'Sensor-590'
2025-08-11 15:06:20,866 INFO: Processing file: Wafer_12012020_111.csv
2025-08-11 15:06:20,864 INFO: Column validation passed using hash comparison.
2025-08-11 15:06:20,865 INFO: [BAD] Wafer_23012020_163456.csv: Invalid filename format
2025-08-11 15:06:20,866 INFO: Column validation passed using hash comparison.
2025-08-11 15:06:20,866 WARNING: Invalid filename format: Wafer_12012020_111.csv
2025-08-11 15:06:20,881 INFO: Processing file: Wafer_10012020_131534.csv
2025-08-11 15:06:20,882 WARNING: Invalid filename format: Wafer_10012020_131534.csv
2025-08-11 15:06:20,899 INFO: [BAD] Wafer_12012020_111.csv: Invalid filename format
2025-08-11 15:06:20,899 INFO: [GOOD] wafer_28012020_051011_a6124fd0.csv
2025-08-11 15:06:20,900 INFO: Processing file: wafer_20012020_090818.csv
2025-08-11 15:06:20,900 INFO: [BAD] Wafer_10012020_131534.csv: Invalid filename format
2025-08-11 15:06:20,901 INFO: Processing file: Wafer_19012020_141432.csv
2025-08-11 15:06:20,901 WARNING: Invalid filename format: Wafer_19012020_141432.csv
2025-08-11 15:06:20,901 INFO: Processing file: Wafer_24012020_150121.csv
2025-08-11 15:06:20,901 INFO: [GOOD] wafer_23012020_041211_1d78b5f9.csv
2025-08-11 15:06:20,901 WARNING: Invalid filename format: Wafer_24012020_150121.csv
2025-08-11 15:06:20,902 INFO: [BAD] Wafer_19012020_141432.csv: Invalid filename format
2025-08-11 15:06:20,902 INFO: Processing file: wafer_27012020_080911.csv
2025-08-11 15:06:20,903 INFO: Processing file: Wafer12_20012.csv
2025-08-11 15:06:20,904 WARNING: Invalid filename format: Wafer12_20012.csv
2025-08-11 15:06:20,904 INFO: File SHA256: ba78fb9374372dad...
2025-08-11 15:06:20,904 INFO: File SHA256: f1d2f61c83b11721...
2025-08-11 15:06:20,905 INFO: Column validation passed using hash comparison.
2025-08-11 15:06:20,905 INFO: Column validation passed using hash comparison.
2025-08-11 15:06:20,905 INFO: [BAD] Wafer_24012020_150121.csv: Invalid filename format
2025-08-11 15:06:20,914 INFO: Processing file: Wafer_18012020_121532.csv
2025-08-11 15:06:20,914 WARNING: Invalid filename format: Wafer_18012020_121532.csv
2025-08-11 15:06:20,914 WARNING: Column 'Sensor-16' expects float, got 'abc'
2025-08-11 15:06:20,919 WARNING: Row 6 dtype validation failed: Column 'Sensor-16' expects float, got 'abc'
2025-08-11 15:06:20,925 INFO: [BAD] Wafer12_20012.csv: Invalid filename format
2025-08-11 15:06:20,925 INFO: [GOOD] wafer_27012020_080911_ba78fb93.csv
2025-08-11 15:06:20,925 INFO: [BAD] Wafer_18012020_121532.csv: Invalid filename format
2025-08-11 15:06:20,926 INFO: Processing file: wafer_29012020_050617.csv
2025-08-11 15:06:20,927 INFO: Processing file: wafer_22022020_041119.csv
2025-08-11 15:06:20,927 INFO: [BAD] wafer_20012020_090818.csv: Row 6: Column 'Sensor-16' expects float, got 'abc'
2025-08-11 15:06:20,927 INFO: Processing file: wafer_17012020_125434.csv
2025-08-11 15:06:20,928 INFO: Processing file: Wafer_21012020_143634.csv
2025-08-11 15:06:20,928 WARNING: Invalid filename format: Wafer_21012020_143634.csv
2025-08-11 15:06:20,929 INFO: File SHA256: 8b7ece090bae683a...
2025-08-11 15:06:20,929 INFO: File SHA256: 418c0260c3383dd7...
2025-08-11 15:06:20,930 INFO: Column validation passed using hash comparison.
2025-08-11 15:06:20,930 INFO: [BAD] Wafer_21012020_143634.csv: Invalid filename format
2025-08-11 15:06:20,945 INFO: Processing file: Wafer_fault_detection.csv
2025-08-11 15:06:20,945 WARNING: Invalid filename format: Wafer_fault_detection.csv
2025-08-11 15:06:20,946 INFO: Column validation passed using hash comparison.
2025-08-11 15:06:20,962 INFO: File SHA256: c6bc8191caaf5ecb...
2025-08-11 15:06:20,962 INFO: [GOOD] wafer_29012020_050617_8b7ece09.csv
2025-08-11 15:06:20,962 INFO: [BAD] Wafer_fault_detection.csv: Invalid filename format
2025-08-11 15:06:20,963 INFO: Processing file: wafer_07012020_041011.csv
2025-08-11 15:06:20,964 INFO: [GOOD] wafer_22022020_041119_418c0260.csv
2025-08-11 15:06:20,965 INFO: Processing file: wafer_28012020_090817.csv
2025-08-11 15:06:20,965 WARNING: Last column should be 'Output' or 'Good/Bad', got 'Sensor-590'
2025-08-11 15:06:20,966 INFO: Processing file: wafer_29012020_060756.csv
2025-08-11 15:06:20,966 WARNING: Column validation failed: Last column should be 'Output' or 'Good/Bad', got 'Sensor-590'
2025-08-11 15:06:20,967 INFO: File SHA256: 57d4d4b20e3f9157...
2025-08-11 15:06:20,967 INFO: Column validation passed using hash comparison.
2025-08-11 15:06:20,982 INFO: [BAD] wafer_17012020_125434.csv: Last column should be 'Output' or 'Good/Bad', got 'Sensor-590'
2025-08-11 15:06:20,983 INFO: [GOOD] wafer_28012020_090817_57d4d4b2.csv
2025-08-11 15:06:20,983 INFO: File SHA256: 32c908c1196125a8...
2025-08-11 15:06:20,983 INFO: File SHA256: e1e13189cb272301...
2025-08-11 15:06:20,985 INFO: Column validation passed using hash comparison.
2025-08-11 15:06:20,984 INFO: Processing file: Wafer_08012020_120000.csv
2025-08-11 15:06:20,999 WARNING: Invalid filename format: Wafer_08012020_120000.csv
2025-08-11 15:06:20,984 INFO: Column validation passed using hash comparison.
2025-08-11 15:06:20,983 INFO: Processing file: wafer_27012020_080912.csv
2025-08-11 15:06:21,017 INFO: [GOOD] wafer_07012020_041011_e1e13189.csv
2025-08-11 15:06:21,018 INFO: Processing file: Wafer_11012020_151432.csv
2025-08-11 15:06:21,018 WARNING: Invalid filename format: Wafer_11012020_151432.csv
2025-08-11 15:06:21,018 INFO: [BAD] Wafer_08012020_120000.csv: Invalid filename format
2025-08-11 15:06:21,019 INFO: Processing file: Wafer_25012020_142112.csv
2025-08-11 15:06:21,019 WARNING: Invalid filename format: Wafer_25012020_142112.csv
2025-08-11 15:06:21,019 INFO: [GOOD] wafer_29012020_060756_32c908c1.csv
2025-08-11 15:06:21,020 INFO: Processing file: Wafer_07012020_223345.csv
2025-08-11 15:06:21,021 INFO: [BAD] Wafer_11012020_151432.csv: Invalid filename format
2025-08-11 15:06:21,021 WARNING: Invalid filename format: Wafer_07012020_223345.csv
2025-08-11 15:06:21,021 INFO: File SHA256: 74ecb99db989ca16...
2025-08-11 15:06:21,021 INFO: [BAD] Wafer_25012020_142112.csv: Invalid filename format
2025-08-11 15:06:21,021 INFO: Processing file: wafer_13012020_090817.csv
2025-08-11 15:06:21,022 WARNING: Columns do not match schema
2025-08-11 15:06:21,022 INFO: [BAD] Wafer_07012020_223345.csv: Invalid filename format
2025-08-11 15:06:21,023 INFO: Processing file: wafer_28042020_031911.csv
2025-08-11 15:06:21,023 WARNING: Column validation failed: Columns do not match schema
2025-08-11 15:06:21,022 INFO: Processing file: Wafer_15012020_130532.csv
2025-08-11 15:06:21,024 WARNING: Invalid filename format: Wafer_15012020_130532.csv
2025-08-11 15:06:21,024 INFO: [BAD] wafer_27012020_080912.csv: Columns do not match schema
2025-08-11 15:06:21,024 INFO: File SHA256: 685c90f461117301...
2025-08-11 15:06:21,025 INFO: Processing file: wafer_16012020_051629.csv
2025-08-11 15:06:21,025 INFO: Column validation passed using hash comparison.
2025-08-11 15:06:21,040 INFO: File SHA256: a54dc98c16a63418...
2025-08-11 15:06:21,040 INFO: [BAD] Wafer_15012020_130532.csv: Invalid filename format
2025-08-11 15:06:21,041 INFO: Column validation passed using hash comparison.
2025-08-11 15:06:21,041 INFO: Processing file: Wafer_14012020_113045.csv
2025-08-11 15:06:21,057 INFO: [GOOD] wafer_13012020_090817_685c90f4.csv
2025-08-11 15:06:21,057 WARNING: Invalid filename format: Wafer_14012020_113045.csv
2025-08-11 15:06:21,058 INFO: Processing file: Wafer_12012020_111213.csv
2025-08-11 15:06:21,059 INFO: [GOOD] wafer_28042020_031911_a54dc98c.csv
2025-08-11 15:06:21,059 WARNING: Invalid filename format: Wafer_12012020_111213.csv
2025-08-11 15:06:21,059 INFO: [BAD] Wafer_14012020_113045.csv: Invalid filename format
2025-08-11 15:06:21,060 INFO: Processing file: Wafer_15010_130532.csv
2025-08-11 15:06:21,061 INFO: File SHA256: b86db3f4308196a0...
2025-08-11 15:06:21,061 WARNING: Invalid filename format: Wafer_15010_130532.csv
2025-08-11 15:06:21,062 INFO: Column validation passed using hash comparison.
2025-08-11 15:06:21,062 INFO: [BAD] Wafer_12012020_111213.csv: Invalid filename format
2025-08-11 15:06:21,077 INFO: [BAD] Wafer_15010_130532.csv: Invalid filename format
2025-08-11 15:06:21,078 INFO: [GOOD] wafer_16012020_051629_b86db3f4.csv
2025-08-11 15:06:21,079 INFO: 
============================================================
Training Validation Summary:
Total files: 43
Valid files: 16 (37.2%)
Invalid files: 27 (62.8%)
Note: Missing value handling will occur during preprocessing stage
============================================================
2025-08-11 15:06:21,079 INFO: Rejection reasons:
2025-08-11 15:06:21,079 INFO:   Wafer_07012020_000000.csv: Invalid filename format
2025-08-11 15:06:21,079 INFO:   Wafer_text_130532.csv: Invalid filename format
2025-08-11 15:06:21,079 INFO:   Wafer_20012020_135132.csv: Invalid filename format
2025-08-11 15:06:21,079 INFO:   Waferdefault_15010_130532.csv: Invalid filename format
2025-08-11 15:06:21,079 INFO:   Wafer_22012020_173245.csv: Invalid filename format
2025-08-11 15:06:21,079 INFO:   Wafer_13012020_141000.csv: Invalid filename format
2025-08-11 15:06:21,079 INFO:   Wafer_23012020_163456.csv: Invalid filename format
2025-08-11 15:06:21,079 INFO:   wafer_16012020_134553.csv: Last column should be 'Output' or 'Good/Bad', got 'Sensor-590'
2025-08-11 15:06:21,079 INFO:   Wafer_12012020_111.csv: Invalid filename format
2025-08-11 15:06:21,079 INFO:   Wafer_10012020_131534.csv: Invalid filename format
2025-08-11 15:06:21,079 INFO:   Wafer_19012020_141432.csv: Invalid filename format
2025-08-11 15:06:21,079 INFO:   Wafer_24012020_150121.csv: Invalid filename format
2025-08-11 15:06:21,079 INFO:   Wafer12_20012.csv: Invalid filename format
2025-08-11 15:06:21,079 INFO:   Wafer_18012020_121532.csv: Invalid filename format
2025-08-11 15:06:21,080 INFO:   wafer_20012020_090818.csv: Row 6: Column 'Sensor-16' expects float, got 'abc'
2025-08-11 15:06:21,080 INFO:   Wafer_21012020_143634.csv: Invalid filename format
2025-08-11 15:06:21,080 INFO:   Wafer_fault_detection.csv: Invalid filename format
2025-08-11 15:06:21,080 INFO:   wafer_17012020_125434.csv: Last column should be 'Output' or 'Good/Bad', got 'Sensor-590'
2025-08-11 15:06:21,080 INFO:   Wafer_08012020_120000.csv: Invalid filename format
2025-08-11 15:06:21,080 INFO:   Wafer_11012020_151432.csv: Invalid filename format
2025-08-11 15:06:21,080 INFO:   Wafer_25012020_142112.csv: Invalid filename format
2025-08-11 15:06:21,080 INFO:   Wafer_07012020_223345.csv: Invalid filename format
2025-08-11 15:06:21,080 INFO:   wafer_27012020_080912.csv: Columns do not match schema
2025-08-11 15:06:21,080 INFO:   Wafer_15012020_130532.csv: Invalid filename format
2025-08-11 15:06:21,080 INFO:   Wafer_14012020_113045.csv: Invalid filename format
2025-08-11 15:06:21,080 INFO:   Wafer_12012020_111213.csv: Invalid filename format
2025-08-11 15:06:21,080 INFO:   Wafer_15010_130532.csv: Invalid filename format
2025-08-11 15:26:39,889 INFO: Validator initialized for mode: training
2025-08-11 15:26:39,890 INFO: Reading schema file...
2025-08-11 15:26:39,893 INFO: Schema loaded: 592 columns
2025-08-11 15:26:39,893 INFO: Setting up directories for validation...
2025-08-11 15:26:39,898 INFO: Removed existing directory: /workspaces/automated-semiconductor-fault-detection/data/training/good
2025-08-11 15:26:39,900 INFO: Created directory: /workspaces/automated-semiconductor-fault-detection/data/training/good
2025-08-11 15:26:39,908 INFO: Removed existing directory: /workspaces/automated-semiconductor-fault-detection/data/training/bad
2025-08-11 15:26:39,910 INFO: Created directory: /workspaces/automated-semiconductor-fault-detection/data/training/bad
2025-08-11 15:26:39,910 INFO: ============================================================
2025-08-11 15:26:39,911 INFO: === TRAINING Validation started at 2025-08-11 15:26:39 ===
2025-08-11 15:26:39,911 INFO: ============================================================
2025-08-11 15:26:39,911 INFO: Scanning input directory /workspaces/automated-semiconductor-fault-detection/data/training/input for CSV files...
2025-08-11 15:26:39,912 INFO: Found 43 CSV files to process
2025-08-11 15:26:39,913 INFO: Processing file: Wafer_07012020_000000.csv
2025-08-11 15:26:39,914 WARNING: Invalid filename format: Wafer_07012020_000000.csv
2025-08-11 15:26:39,915 INFO: Processing file: Wafer_text_130532.csv
2025-08-11 15:26:39,915 WARNING: Invalid filename format: Wafer_text_130532.csv
2025-08-11 15:26:39,917 INFO: [BAD] Wafer_07012020_000000.csv: Invalid filename format
2025-08-11 15:26:39,917 INFO: [BAD] Wafer_text_130532.csv: Invalid filename format
2025-08-11 15:26:39,919 INFO: Processing file: wafer_23012020_011008.csv
2025-08-11 15:26:39,920 INFO: File SHA256: ad2f1ded6ecad58b...
2025-08-11 15:26:39,917 INFO: Processing file: wafer_21012020_080913.csv
2025-08-11 15:26:39,917 INFO: Processing file: Wafer_20012020_135132.csv
2025-08-11 15:26:39,923 WARNING: Invalid filename format: Wafer_20012020_135132.csv
2025-08-11 15:26:39,923 INFO: [BAD] Wafer_20012020_135132.csv: Invalid filename format
2025-08-11 15:26:39,924 INFO: File SHA256: d1605198b5041901...
2025-08-11 15:26:39,925 INFO: Column validation passed using hash comparison.
2025-08-11 15:26:39,925 INFO: Column validation passed using hash comparison.
2025-08-11 15:26:39,925 INFO: Processing file: wafer_31012020_090811.csv
2025-08-11 15:26:39,925 INFO: Processing file: wafer_20012020_090819.csv
2025-08-11 15:26:39,926 INFO: File SHA256: e0a35d2e6b52b2ce...
2025-08-11 15:26:39,930 INFO: Column validation passed using hash comparison.
2025-08-11 15:26:39,930 INFO: File SHA256: e747459419f96d6c...
2025-08-11 15:26:39,950 INFO: Column validation passed using hash comparison.
2025-08-11 15:26:40,020 INFO: [GOOD] wafer_21012020_080913_d1605198.csv
2025-08-11 15:26:40,021 INFO: Processing file: Waferdefault_15010_130532.csv
2025-08-11 15:26:40,025 INFO: [GOOD] wafer_23012020_011008_ad2f1ded.csv
2025-08-11 15:26:40,025 WARNING: Invalid filename format: Waferdefault_15010_130532.csv
2025-08-11 15:26:40,025 INFO: [GOOD] wafer_20012020_090819_e0a35d2e.csv
2025-08-11 15:26:40,026 INFO: [GOOD] wafer_31012020_090811_e7474594.csv
2025-08-11 15:26:40,027 INFO: Processing file: wafer_20022020_090716.csv
2025-08-11 15:26:40,028 INFO: Processing file: Wafer_22012020_173245.csv
2025-08-11 15:26:40,030 INFO: Processing file: Wafer_13012020_141000.csv
2025-08-11 15:26:40,030 INFO: [BAD] Waferdefault_15010_130532.csv: Invalid filename format
2025-08-11 15:26:40,030 WARNING: Invalid filename format: Wafer_22012020_173245.csv
2025-08-11 15:26:40,030 INFO: File SHA256: dd94e2657b6ccd31...
2025-08-11 15:26:40,030 WARNING: Invalid filename format: Wafer_13012020_141000.csv
2025-08-11 15:26:40,031 INFO: Processing file: wafer_16012020_134553.csv
2025-08-11 15:26:40,031 INFO: Column validation passed using hash comparison.
2025-08-11 15:26:40,032 INFO: [BAD] Wafer_22012020_173245.csv: Invalid filename format
2025-08-11 15:26:40,032 INFO: [BAD] Wafer_13012020_141000.csv: Invalid filename format
2025-08-11 15:26:40,038 INFO: Processing file: wafer_23012020_041211.csv
2025-08-11 15:26:40,038 INFO: Processing file: wafer_28012020_051011.csv
2025-08-11 15:26:40,038 INFO: [GOOD] wafer_20022020_090716_dd94e265.csv
2025-08-11 15:26:40,039 INFO: Processing file: Wafer_23012020_163456.csv
2025-08-11 15:26:40,039 WARNING: Invalid filename format: Wafer_23012020_163456.csv
2025-08-11 15:26:40,040 INFO: File SHA256: de0a888a8ee25bff...
2025-08-11 15:26:40,040 WARNING: Last column should be 'Output' or 'Good/Bad', got 'Sensor-590'
2025-08-11 15:26:40,040 WARNING: Column validation failed: Last column should be 'Output' or 'Good/Bad', got 'Sensor-590'
2025-08-11 15:26:40,041 INFO: [BAD] Wafer_23012020_163456.csv: Invalid filename format
2025-08-11 15:26:40,041 INFO: File SHA256: 1d78b5f96648b029...
2025-08-11 15:26:40,041 INFO: File SHA256: a6124fd085b75843...
2025-08-11 15:26:40,042 INFO: Processing file: Wafer_12012020_111.csv
2025-08-11 15:26:40,042 INFO: Column validation passed using hash comparison.
2025-08-11 15:26:40,043 INFO: Column validation passed using hash comparison.
2025-08-11 15:26:40,043 INFO: [BAD] wafer_16012020_134553.csv: Last column should be 'Output' or 'Good/Bad', got 'Sensor-590'
2025-08-11 15:26:40,043 WARNING: Invalid filename format: Wafer_12012020_111.csv
2025-08-11 15:26:40,074 INFO: [GOOD] wafer_28012020_051011_a6124fd0.csv
2025-08-11 15:26:40,075 INFO: Processing file: Wafer_10012020_131534.csv
2025-08-11 15:26:40,075 INFO: [BAD] Wafer_12012020_111.csv: Invalid filename format
2025-08-11 15:26:40,075 WARNING: Invalid filename format: Wafer_10012020_131534.csv
2025-08-11 15:26:40,075 INFO: Processing file: wafer_20012020_090818.csv
2025-08-11 15:26:40,076 INFO: [GOOD] wafer_23012020_041211_1d78b5f9.csv
2025-08-11 15:26:40,076 INFO: Processing file: Wafer_19012020_141432.csv
2025-08-11 15:26:40,077 INFO: Processing file: Wafer_24012020_150121.csv
2025-08-11 15:26:40,077 WARNING: Invalid filename format: Wafer_19012020_141432.csv
2025-08-11 15:26:40,077 INFO: [BAD] Wafer_10012020_131534.csv: Invalid filename format
2025-08-11 15:26:40,077 WARNING: Invalid filename format: Wafer_24012020_150121.csv
2025-08-11 15:26:40,079 INFO: [BAD] Wafer_19012020_141432.csv: Invalid filename format
2025-08-11 15:26:40,079 INFO: Processing file: wafer_27012020_080911.csv
2025-08-11 15:26:40,079 INFO: Processing file: Wafer12_20012.csv
2025-08-11 15:26:40,079 WARNING: Invalid filename format: Wafer12_20012.csv
2025-08-11 15:26:40,079 INFO: [BAD] Wafer_24012020_150121.csv: Invalid filename format
2025-08-11 15:26:40,080 INFO: File SHA256: ba78fb9374372dad...
2025-08-11 15:26:40,081 INFO: Column validation passed using hash comparison.
2025-08-11 15:26:40,081 INFO: [BAD] Wafer12_20012.csv: Invalid filename format
2025-08-11 15:26:40,084 INFO: Processing file: wafer_29012020_050617.csv
2025-08-11 15:26:40,085 INFO: File SHA256: 8b7ece090bae683a...
2025-08-11 15:26:40,082 INFO: Processing file: Wafer_18012020_121532.csv
2025-08-11 15:26:40,086 INFO: File SHA256: f1d2f61c83b11721...
2025-08-11 15:26:40,086 WARNING: Invalid filename format: Wafer_18012020_121532.csv
2025-08-11 15:26:40,100 INFO: Column validation passed using hash comparison.
2025-08-11 15:26:40,101 INFO: Column validation passed using hash comparison.
2025-08-11 15:26:40,101 WARNING: Column 'Sensor-16' expects float, got 'abc'
2025-08-11 15:26:40,120 INFO: [GOOD] wafer_27012020_080911_ba78fb93.csv
2025-08-11 15:26:40,121 INFO: [BAD] Wafer_18012020_121532.csv: Invalid filename format
2025-08-11 15:26:40,120 WARNING: Row 6 dtype validation failed: Column 'Sensor-16' expects float, got 'abc'
2025-08-11 15:26:40,122 INFO: Processing file: wafer_17012020_125434.csv
2025-08-11 15:26:40,122 INFO: Processing file: wafer_22022020_041119.csv
2025-08-11 15:26:40,120 INFO: [GOOD] wafer_29012020_050617_8b7ece09.csv
2025-08-11 15:26:40,124 INFO: Processing file: Wafer_21012020_143634.csv
2025-08-11 15:26:40,124 WARNING: Invalid filename format: Wafer_21012020_143634.csv
2025-08-11 15:26:40,124 INFO: File SHA256: c6bc8191caaf5ecb...
2025-08-11 15:26:40,124 INFO: File SHA256: 418c0260c3383dd7...
2025-08-11 15:26:40,126 WARNING: Last column should be 'Output' or 'Good/Bad', got 'Sensor-590'
2025-08-11 15:26:40,126 WARNING: Column validation failed: Last column should be 'Output' or 'Good/Bad', got 'Sensor-590'
2025-08-11 15:26:40,127 INFO: [BAD] wafer_20012020_090818.csv: Row 6: Column 'Sensor-16' expects float, got 'abc'
2025-08-11 15:26:40,126 INFO: Column validation passed using hash comparison.
2025-08-11 15:26:40,126 INFO: [BAD] Wafer_21012020_143634.csv: Invalid filename format
2025-08-11 15:26:40,141 INFO: Processing file: Wafer_fault_detection.csv
2025-08-11 15:26:40,142 WARNING: Invalid filename format: Wafer_fault_detection.csv
2025-08-11 15:26:40,142 INFO: [BAD] Wafer_fault_detection.csv: Invalid filename format
2025-08-11 15:26:40,142 INFO: Processing file: wafer_07012020_041011.csv
2025-08-11 15:26:40,141 INFO: [BAD] wafer_17012020_125434.csv: Last column should be 'Output' or 'Good/Bad', got 'Sensor-590'
2025-08-11 15:26:40,142 INFO: Processing file: wafer_28012020_090817.csv
2025-08-11 15:26:40,143 INFO: [GOOD] wafer_22022020_041119_418c0260.csv
2025-08-11 15:26:40,144 INFO: Processing file: wafer_29012020_060756.csv
2025-08-11 15:26:40,144 INFO: Processing file: wafer_27012020_080912.csv
2025-08-11 15:26:40,145 INFO: File SHA256: e1e13189cb272301...
2025-08-11 15:26:40,146 INFO: Column validation passed using hash comparison.
2025-08-11 15:26:40,160 INFO: File SHA256: 57d4d4b20e3f9157...
2025-08-11 15:26:40,161 INFO: Column validation passed using hash comparison.
2025-08-11 15:26:40,178 INFO: [GOOD] wafer_07012020_041011_e1e13189.csv
2025-08-11 15:26:40,179 INFO: [GOOD] wafer_28012020_090817_57d4d4b2.csv
2025-08-11 15:26:40,179 INFO: Processing file: Wafer_08012020_120000.csv
2025-08-11 15:26:40,180 INFO: Processing file: Wafer_11012020_151432.csv
2025-08-11 15:26:40,180 WARNING: Invalid filename format: Wafer_08012020_120000.csv
2025-08-11 15:26:40,181 WARNING: Invalid filename format: Wafer_11012020_151432.csv
2025-08-11 15:26:40,181 INFO: File SHA256: 32c908c1196125a8...
2025-08-11 15:26:40,182 INFO: [BAD] Wafer_11012020_151432.csv: Invalid filename format
2025-08-11 15:26:40,182 INFO: [BAD] Wafer_08012020_120000.csv: Invalid filename format
2025-08-11 15:26:40,183 INFO: Column validation passed using hash comparison.
2025-08-11 15:26:40,183 INFO: File SHA256: 74ecb99db989ca16...
2025-08-11 15:26:40,198 INFO: Processing file: Wafer_25012020_142112.csv
2025-08-11 15:26:40,198 INFO: Processing file: Wafer_07012020_223345.csv
2025-08-11 15:26:40,199 WARNING: Invalid filename format: Wafer_07012020_223345.csv
2025-08-11 15:26:40,198 WARNING: Invalid filename format: Wafer_25012020_142112.csv
2025-08-11 15:26:40,199 WARNING: Columns do not match schema
2025-08-11 15:26:40,199 INFO: [GOOD] wafer_29012020_060756_32c908c1.csv
2025-08-11 15:26:40,201 INFO: Processing file: wafer_13012020_090817.csv
2025-08-11 15:26:40,199 INFO: [BAD] Wafer_07012020_223345.csv: Invalid filename format
2025-08-11 15:26:40,202 INFO: Processing file: Wafer_15012020_130532.csv
2025-08-11 15:26:40,202 WARNING: Invalid filename format: Wafer_15012020_130532.csv
2025-08-11 15:26:40,202 INFO: [BAD] Wafer_15012020_130532.csv: Invalid filename format
2025-08-11 15:26:40,202 INFO: Processing file: wafer_28042020_031911.csv
2025-08-11 15:26:40,203 INFO: File SHA256: a54dc98c16a63418...
2025-08-11 15:26:40,199 WARNING: Column validation failed: Columns do not match schema
2025-08-11 15:26:40,204 INFO: [BAD] Wafer_25012020_142112.csv: Invalid filename format
2025-08-11 15:26:40,205 INFO: Processing file: wafer_16012020_051629.csv
2025-08-11 15:26:40,205 INFO: File SHA256: b86db3f4308196a0...
2025-08-11 15:26:40,206 INFO: Column validation passed using hash comparison.
2025-08-11 15:26:40,211 INFO: File SHA256: 685c90f461117301...
2025-08-11 15:26:40,212 INFO: Column validation passed using hash comparison.
2025-08-11 15:26:40,221 INFO: [BAD] wafer_27012020_080912.csv: Columns do not match schema
2025-08-11 15:26:40,221 INFO: Processing file: Wafer_14012020_113045.csv
2025-08-11 15:26:40,221 WARNING: Invalid filename format: Wafer_14012020_113045.csv
2025-08-11 15:26:40,222 INFO: [BAD] Wafer_14012020_113045.csv: Invalid filename format
2025-08-11 15:26:40,222 INFO: Processing file: Wafer_12012020_111213.csv
2025-08-11 15:26:40,222 WARNING: Invalid filename format: Wafer_12012020_111213.csv
2025-08-11 15:26:40,223 INFO: [BAD] Wafer_12012020_111213.csv: Invalid filename format
2025-08-11 15:26:40,223 INFO: Processing file: Wafer_15010_130532.csv
2025-08-11 15:26:40,223 WARNING: Invalid filename format: Wafer_15010_130532.csv
2025-08-11 15:26:40,223 INFO: [BAD] Wafer_15010_130532.csv: Invalid filename format
2025-08-11 15:26:40,227 INFO: Column validation passed using hash comparison.
2025-08-11 15:26:40,323 INFO: [GOOD] wafer_16012020_051629_b86db3f4.csv
2025-08-11 15:26:40,324 INFO: [GOOD] wafer_13012020_090817_685c90f4.csv
2025-08-11 15:26:40,325 INFO: [GOOD] wafer_28042020_031911_a54dc98c.csv
2025-08-11 15:26:40,326 INFO: 
============================================================
Training Validation Summary:
Total files: 43
Valid files: 16 (37.2%)
Invalid files: 27 (62.8%)
Note: Missing value handling will occur during preprocessing stage
============================================================
2025-08-11 15:26:40,326 INFO: Rejection reasons:
2025-08-11 15:26:40,327 INFO:   Wafer_07012020_000000.csv: Invalid filename format
2025-08-11 15:26:40,327 INFO:   Wafer_text_130532.csv: Invalid filename format
2025-08-11 15:26:40,327 INFO:   Wafer_20012020_135132.csv: Invalid filename format
2025-08-11 15:26:40,327 INFO:   Waferdefault_15010_130532.csv: Invalid filename format
2025-08-11 15:26:40,327 INFO:   Wafer_22012020_173245.csv: Invalid filename format
2025-08-11 15:26:40,327 INFO:   Wafer_13012020_141000.csv: Invalid filename format
2025-08-11 15:26:40,327 INFO:   Wafer_23012020_163456.csv: Invalid filename format
2025-08-11 15:26:40,327 INFO:   wafer_16012020_134553.csv: Last column should be 'Output' or 'Good/Bad', got 'Sensor-590'
2025-08-11 15:26:40,327 INFO:   Wafer_12012020_111.csv: Invalid filename format
2025-08-11 15:26:40,327 INFO:   Wafer_10012020_131534.csv: Invalid filename format
2025-08-11 15:26:40,327 INFO:   Wafer_19012020_141432.csv: Invalid filename format
2025-08-11 15:26:40,327 INFO:   Wafer_24012020_150121.csv: Invalid filename format
2025-08-11 15:26:40,327 INFO:   Wafer12_20012.csv: Invalid filename format
2025-08-11 15:26:40,327 INFO:   Wafer_18012020_121532.csv: Invalid filename format
2025-08-11 15:26:40,327 INFO:   Wafer_21012020_143634.csv: Invalid filename format
2025-08-11 15:26:40,327 INFO:   wafer_20012020_090818.csv: Row 6: Column 'Sensor-16' expects float, got 'abc'
2025-08-11 15:26:40,327 INFO:   wafer_17012020_125434.csv: Last column should be 'Output' or 'Good/Bad', got 'Sensor-590'
2025-08-11 15:26:40,327 INFO:   Wafer_fault_detection.csv: Invalid filename format
2025-08-11 15:26:40,327 INFO:   Wafer_11012020_151432.csv: Invalid filename format
2025-08-11 15:26:40,327 INFO:   Wafer_08012020_120000.csv: Invalid filename format
2025-08-11 15:26:40,327 INFO:   Wafer_07012020_223345.csv: Invalid filename format
2025-08-11 15:26:40,327 INFO:   Wafer_15012020_130532.csv: Invalid filename format
2025-08-11 15:26:40,327 INFO:   Wafer_25012020_142112.csv: Invalid filename format
2025-08-11 15:26:40,327 INFO:   wafer_27012020_080912.csv: Columns do not match schema
2025-08-11 15:26:40,327 INFO:   Wafer_14012020_113045.csv: Invalid filename format
2025-08-11 15:26:40,328 INFO:   Wafer_12012020_111213.csv: Invalid filename format
2025-08-11 15:26:40,328 INFO:   Wafer_15010_130532.csv: Invalid filename format
2025-08-11 16:22:25,182 INFO: Validator initialized for mode: training
2025-08-11 16:22:25,184 INFO: Reading schema file...
2025-08-11 16:22:25,191 INFO: Schema loaded: 592 columns
2025-08-11 16:22:25,191 INFO: Setting up directories for validation...
2025-08-11 16:22:25,196 INFO: Removed existing directory: /workspaces/automated-semiconductor-fault-detection/data/training/good
2025-08-11 16:22:25,196 INFO: Created directory: /workspaces/automated-semiconductor-fault-detection/data/training/good
2025-08-11 16:22:25,203 INFO: Removed existing directory: /workspaces/automated-semiconductor-fault-detection/data/training/bad
2025-08-11 16:22:25,204 INFO: Created directory: /workspaces/automated-semiconductor-fault-detection/data/training/bad
2025-08-11 16:22:25,204 INFO: ============================================================
2025-08-11 16:22:25,204 INFO: === TRAINING Validation started at 2025-08-11 16:22:25 ===
2025-08-11 16:22:25,204 INFO: ============================================================
2025-08-11 16:22:25,204 INFO: Scanning input directory /workspaces/automated-semiconductor-fault-detection/data/training/input for CSV files...
2025-08-11 16:22:25,205 INFO: Found 43 CSV files to process
2025-08-11 16:22:25,206 INFO: Processing file: Wafer_07012020_000000.csv
2025-08-11 16:22:25,207 WARNING: Invalid filename format: Wafer_07012020_000000.csv
2025-08-11 16:22:25,208 INFO: Processing file: Wafer_text_130532.csv
2025-08-11 16:22:25,211 WARNING: Invalid filename format: Wafer_text_130532.csv
2025-08-11 16:22:25,210 INFO: Processing file: wafer_21012020_080913.csv
2025-08-11 16:22:25,212 INFO: Processing file: Wafer_20012020_135132.csv
2025-08-11 16:22:25,213 WARNING: Invalid filename format: Wafer_20012020_135132.csv
2025-08-11 16:22:25,220 INFO: [BAD] Wafer_07012020_000000.csv: Invalid filename format
2025-08-11 16:22:25,222 INFO: Processing file: wafer_23012020_011008.csv
2025-08-11 16:22:25,228 INFO: [BAD] Wafer_text_130532.csv: Invalid filename format
2025-08-11 16:22:25,228 INFO: Processing file: wafer_31012020_090811.csv
2025-08-11 16:22:25,231 INFO: [BAD] Wafer_20012020_135132.csv: Invalid filename format
2025-08-11 16:22:25,231 INFO: Processing file: wafer_20012020_090819.csv
2025-08-11 16:22:25,232 INFO: File SHA256: d1605198b5041901...
2025-08-11 16:22:25,233 INFO: Column validation passed using hash comparison.
2025-08-11 16:22:25,250 INFO: [GOOD] wafer_21012020_080913_d1605198.csv
2025-08-11 16:22:25,251 INFO: Processing file: Waferdefault_15010_130532.csv
2025-08-11 16:22:25,253 WARNING: Invalid filename format: Waferdefault_15010_130532.csv
2025-08-11 16:22:25,252 INFO: File SHA256: e0a35d2e6b52b2ce...
2025-08-11 16:22:25,254 INFO: File SHA256: e747459419f96d6c...
2025-08-11 16:22:25,255 INFO: File SHA256: ad2f1ded6ecad58b...
2025-08-11 16:22:25,256 INFO: Column validation passed using hash comparison.
2025-08-11 16:22:25,256 INFO: Column validation passed using hash comparison.
2025-08-11 16:22:25,257 INFO: Column validation passed using hash comparison.
2025-08-11 16:22:25,288 INFO: [BAD] Waferdefault_15010_130532.csv: Invalid filename format
2025-08-11 16:22:25,306 INFO: [GOOD] wafer_31012020_090811_e7474594.csv
2025-08-11 16:22:25,306 INFO: Processing file: wafer_20022020_090716.csv
2025-08-11 16:22:25,308 INFO: Processing file: Wafer_22012020_173245.csv
2025-08-11 16:22:25,308 WARNING: Invalid filename format: Wafer_22012020_173245.csv
2025-08-11 16:22:25,308 INFO: [GOOD] wafer_20012020_090819_e0a35d2e.csv
2025-08-11 16:22:25,309 INFO: Processing file: Wafer_13012020_141000.csv
2025-08-11 16:22:25,310 INFO: [GOOD] wafer_23012020_011008_ad2f1ded.csv
2025-08-11 16:22:25,310 WARNING: Invalid filename format: Wafer_13012020_141000.csv
2025-08-11 16:22:25,311 INFO: Processing file: wafer_16012020_134553.csv
2025-08-11 16:22:25,313 INFO: [BAD] Wafer_22012020_173245.csv: Invalid filename format
2025-08-11 16:22:25,313 INFO: Processing file: wafer_23012020_041211.csv
2025-08-11 16:22:25,317 INFO: File SHA256: dd94e2657b6ccd31...
2025-08-11 16:22:25,319 INFO: Column validation passed using hash comparison.
2025-08-11 16:22:25,325 INFO: [BAD] Wafer_13012020_141000.csv: Invalid filename format
2025-08-11 16:22:25,325 INFO: Processing file: wafer_28012020_051011.csv
2025-08-11 16:22:25,326 INFO: File SHA256: de0a888a8ee25bff...
2025-08-11 16:22:25,326 INFO: [GOOD] wafer_20022020_090716_dd94e265.csv
2025-08-11 16:22:25,327 INFO: File SHA256: 1d78b5f96648b029...
2025-08-11 16:22:25,327 INFO: Processing file: Wafer_23012020_163456.csv
2025-08-11 16:22:25,328 WARNING: Last column should be 'Output' or 'Good/Bad', got 'Sensor-590'
2025-08-11 16:22:25,328 WARNING: Invalid filename format: Wafer_23012020_163456.csv
2025-08-11 16:22:25,329 INFO: Column validation passed using hash comparison.
2025-08-11 16:22:25,329 WARNING: Column validation failed: Last column should be 'Output' or 'Good/Bad', got 'Sensor-590'
2025-08-11 16:22:25,346 INFO: [BAD] wafer_16012020_134553.csv: Last column should be 'Output' or 'Good/Bad', got 'Sensor-590'
2025-08-11 16:22:25,346 INFO: Processing file: Wafer_12012020_111.csv
2025-08-11 16:22:25,346 WARNING: Invalid filename format: Wafer_12012020_111.csv
2025-08-11 16:22:25,347 INFO: File SHA256: a6124fd085b75843...
2025-08-11 16:22:25,348 INFO: Column validation passed using hash comparison.
2025-08-11 16:22:25,347 INFO: [GOOD] wafer_23012020_041211_1d78b5f9.csv
2025-08-11 16:22:25,347 INFO: [BAD] Wafer_23012020_163456.csv: Invalid filename format
2025-08-11 16:22:25,352 INFO: Processing file: Wafer_10012020_131534.csv
2025-08-11 16:22:25,353 WARNING: Invalid filename format: Wafer_10012020_131534.csv
2025-08-11 16:22:25,354 INFO: Processing file: wafer_20012020_090818.csv
2025-08-11 16:22:25,369 INFO: File SHA256: f1d2f61c83b11721...
2025-08-11 16:22:25,370 INFO: [BAD] Wafer_10012020_131534.csv: Invalid filename format
2025-08-11 16:22:25,370 INFO: Processing file: Wafer_19012020_141432.csv
2025-08-11 16:22:25,370 INFO: [BAD] Wafer_12012020_111.csv: Invalid filename format
2025-08-11 16:22:25,378 WARNING: Invalid filename format: Wafer_19012020_141432.csv
2025-08-11 16:22:25,378 INFO: Column validation passed using hash comparison.
2025-08-11 16:22:25,380 WARNING: Column 'Sensor-16' expects float, got 'abc'
2025-08-11 16:22:25,380 INFO: Processing file: Wafer_24012020_150121.csv
2025-08-11 16:22:25,380 WARNING: Row 6 dtype validation failed: Column 'Sensor-16' expects float, got 'abc'
2025-08-11 16:22:25,381 WARNING: Invalid filename format: Wafer_24012020_150121.csv
2025-08-11 16:22:25,381 INFO: [GOOD] wafer_28012020_051011_a6124fd0.csv
2025-08-11 16:22:25,382 INFO: Processing file: wafer_27012020_080911.csv
2025-08-11 16:22:25,383 INFO: [BAD] wafer_20012020_090818.csv: Row 6: Column 'Sensor-16' expects float, got 'abc'
2025-08-11 16:22:25,383 INFO: Processing file: Wafer12_20012.csv
2025-08-11 16:22:25,383 WARNING: Invalid filename format: Wafer12_20012.csv
2025-08-11 16:22:25,389 INFO: [BAD] Wafer12_20012.csv: Invalid filename format
2025-08-11 16:22:25,389 INFO: [BAD] Wafer_24012020_150121.csv: Invalid filename format
2025-08-11 16:22:25,389 INFO: [BAD] Wafer_19012020_141432.csv: Invalid filename format
2025-08-11 16:22:25,390 INFO: Processing file: wafer_29012020_050617.csv
2025-08-11 16:22:25,390 INFO: Processing file: Wafer_18012020_121532.csv
2025-08-11 16:22:25,391 WARNING: Invalid filename format: Wafer_18012020_121532.csv
2025-08-11 16:22:25,392 INFO: Processing file: wafer_22022020_041119.csv
2025-08-11 16:22:25,391 INFO: File SHA256: ba78fb9374372dad...
2025-08-11 16:22:25,393 INFO: Column validation passed using hash comparison.
2025-08-11 16:22:25,403 INFO: [BAD] Wafer_18012020_121532.csv: Invalid filename format
2025-08-11 16:22:25,403 INFO: Processing file: wafer_17012020_125434.csv
2025-08-11 16:22:25,403 INFO: File SHA256: 418c0260c3383dd7...
2025-08-11 16:22:25,404 INFO: File SHA256: 8b7ece090bae683a...
2025-08-11 16:22:25,405 INFO: Column validation passed using hash comparison.
2025-08-11 16:22:25,404 INFO: Column validation passed using hash comparison.
2025-08-11 16:22:25,449 INFO: [GOOD] wafer_27012020_080911_ba78fb93.csv
2025-08-11 16:22:25,450 INFO: Processing file: Wafer_21012020_143634.csv
2025-08-11 16:22:25,451 WARNING: Invalid filename format: Wafer_21012020_143634.csv
2025-08-11 16:22:25,452 INFO: [GOOD] wafer_22022020_041119_418c0260.csv
2025-08-11 16:22:25,452 INFO: [GOOD] wafer_29012020_050617_8b7ece09.csv
2025-08-11 16:22:25,453 INFO: Processing file: Wafer_fault_detection.csv
2025-08-11 16:22:25,455 INFO: Processing file: wafer_07012020_041011.csv
2025-08-11 16:22:25,455 WARNING: Invalid filename format: Wafer_fault_detection.csv
2025-08-11 16:22:25,456 INFO: [BAD] Wafer_21012020_143634.csv: Invalid filename format
2025-08-11 16:22:25,457 INFO: File SHA256: c6bc8191caaf5ecb...
2025-08-11 16:22:25,457 INFO: Processing file: wafer_28012020_090817.csv
2025-08-11 16:22:25,458 WARNING: Last column should be 'Output' or 'Good/Bad', got 'Sensor-590'
2025-08-11 16:22:25,459 WARNING: Column validation failed: Last column should be 'Output' or 'Good/Bad', got 'Sensor-590'
2025-08-11 16:22:25,459 INFO: [BAD] Wafer_fault_detection.csv: Invalid filename format
2025-08-11 16:22:25,460 INFO: [BAD] wafer_17012020_125434.csv: Last column should be 'Output' or 'Good/Bad', got 'Sensor-590'
2025-08-11 16:22:25,461 INFO: Processing file: wafer_29012020_060756.csv
2025-08-11 16:22:25,462 INFO: Processing file: wafer_27012020_080912.csv
2025-08-11 16:22:25,462 INFO: File SHA256: e1e13189cb272301...
2025-08-11 16:22:25,463 INFO: Column validation passed using hash comparison.
2025-08-11 16:22:25,469 INFO: File SHA256: 57d4d4b20e3f9157...
2025-08-11 16:22:25,470 INFO: Column validation passed using hash comparison.
2025-08-11 16:22:25,498 INFO: File SHA256: 74ecb99db989ca16...
2025-08-11 16:22:25,499 WARNING: Columns do not match schema
2025-08-11 16:22:25,499 WARNING: Column validation failed: Columns do not match schema
2025-08-11 16:22:25,499 INFO: File SHA256: 32c908c1196125a8...
2025-08-11 16:22:25,500 INFO: [GOOD] wafer_28012020_090817_57d4d4b2.csv
2025-08-11 16:22:25,501 INFO: Processing file: Wafer_08012020_120000.csv
2025-08-11 16:22:25,501 INFO: Column validation passed using hash comparison.
2025-08-11 16:22:25,502 INFO: [GOOD] wafer_07012020_041011_e1e13189.csv
2025-08-11 16:22:25,502 INFO: [BAD] wafer_27012020_080912.csv: Columns do not match schema
2025-08-11 16:22:25,502 WARNING: Invalid filename format: Wafer_08012020_120000.csv
2025-08-11 16:22:25,518 INFO: Processing file: Wafer_11012020_151432.csv
2025-08-11 16:22:25,518 WARNING: Invalid filename format: Wafer_11012020_151432.csv
2025-08-11 16:22:25,519 INFO: Processing file: Wafer_25012020_142112.csv
2025-08-11 16:22:25,519 WARNING: Invalid filename format: Wafer_25012020_142112.csv
2025-08-11 16:22:25,519 INFO: [GOOD] wafer_29012020_060756_32c908c1.csv
2025-08-11 16:22:25,521 INFO: Processing file: Wafer_07012020_223345.csv
2025-08-11 16:22:25,521 WARNING: Invalid filename format: Wafer_07012020_223345.csv
2025-08-11 16:22:25,523 INFO: [BAD] Wafer_08012020_120000.csv: Invalid filename format
2025-08-11 16:22:25,523 INFO: Processing file: wafer_13012020_090817.csv
2025-08-11 16:22:25,523 INFO: [BAD] Wafer_11012020_151432.csv: Invalid filename format
2025-08-11 16:22:25,523 INFO: Processing file: Wafer_15012020_130532.csv
2025-08-11 16:22:25,523 WARNING: Invalid filename format: Wafer_15012020_130532.csv
2025-08-11 16:22:25,524 INFO: [BAD] Wafer_25012020_142112.csv: Invalid filename format
2025-08-11 16:22:25,524 INFO: Processing file: wafer_28042020_031911.csv
2025-08-11 16:22:25,524 INFO: [BAD] Wafer_07012020_223345.csv: Invalid filename format
2025-08-11 16:22:25,524 INFO: Processing file: wafer_16012020_051629.csv
2025-08-11 16:22:25,526 INFO: [BAD] Wafer_15012020_130532.csv: Invalid filename format
2025-08-11 16:22:25,527 INFO: Processing file: Wafer_14012020_113045.csv
2025-08-11 16:22:25,527 WARNING: Invalid filename format: Wafer_14012020_113045.csv
2025-08-11 16:22:25,528 INFO: File SHA256: 685c90f461117301...
2025-08-11 16:22:25,530 INFO: Column validation passed using hash comparison.
2025-08-11 16:22:25,545 INFO: [BAD] Wafer_14012020_113045.csv: Invalid filename format
2025-08-11 16:22:25,546 INFO: File SHA256: b86db3f4308196a0...
2025-08-11 16:22:25,546 INFO: [GOOD] wafer_13012020_090817_685c90f4.csv
2025-08-11 16:22:25,547 INFO: Processing file: Wafer_12012020_111213.csv
2025-08-11 16:22:25,547 INFO: File SHA256: a54dc98c16a63418...
2025-08-11 16:22:25,547 INFO: Column validation passed using hash comparison.
2025-08-11 16:22:25,548 INFO: Processing file: Wafer_15010_130532.csv
2025-08-11 16:22:25,563 WARNING: Invalid filename format: Wafer_15010_130532.csv
2025-08-11 16:22:25,548 INFO: Column validation passed using hash comparison.
2025-08-11 16:22:25,548 WARNING: Invalid filename format: Wafer_12012020_111213.csv
2025-08-11 16:22:25,580 INFO: [GOOD] wafer_16012020_051629_b86db3f4.csv
2025-08-11 16:22:25,582 INFO: [BAD] Wafer_12012020_111213.csv: Invalid filename format
2025-08-11 16:22:25,582 INFO: [BAD] Wafer_15010_130532.csv: Invalid filename format
2025-08-11 16:22:25,583 INFO: [GOOD] wafer_28042020_031911_a54dc98c.csv
2025-08-11 16:22:25,584 INFO: 
============================================================
Training Validation Summary:
Total files: 43
Valid files: 16 (37.2%)
Invalid files: 27 (62.8%)
Note: Missing value handling will occur during preprocessing stage
============================================================
2025-08-11 16:22:25,584 INFO: Rejection reasons:
2025-08-11 16:22:25,584 INFO:   Wafer_07012020_000000.csv: Invalid filename format
2025-08-11 16:22:25,584 INFO:   Wafer_text_130532.csv: Invalid filename format
2025-08-11 16:22:25,584 INFO:   Wafer_20012020_135132.csv: Invalid filename format
2025-08-11 16:22:25,584 INFO:   Waferdefault_15010_130532.csv: Invalid filename format
2025-08-11 16:22:25,584 INFO:   Wafer_22012020_173245.csv: Invalid filename format
2025-08-11 16:22:25,585 INFO:   Wafer_13012020_141000.csv: Invalid filename format
2025-08-11 16:22:25,585 INFO:   wafer_16012020_134553.csv: Last column should be 'Output' or 'Good/Bad', got 'Sensor-590'
2025-08-11 16:22:25,585 INFO:   Wafer_23012020_163456.csv: Invalid filename format
2025-08-11 16:22:25,585 INFO:   Wafer_10012020_131534.csv: Invalid filename format
2025-08-11 16:22:25,585 INFO:   Wafer_12012020_111.csv: Invalid filename format
2025-08-11 16:22:25,585 INFO:   wafer_20012020_090818.csv: Row 6: Column 'Sensor-16' expects float, got 'abc'
2025-08-11 16:22:25,585 INFO:   Wafer12_20012.csv: Invalid filename format
2025-08-11 16:22:25,585 INFO:   Wafer_24012020_150121.csv: Invalid filename format
2025-08-11 16:22:25,585 INFO:   Wafer_19012020_141432.csv: Invalid filename format
2025-08-11 16:22:25,585 INFO:   Wafer_18012020_121532.csv: Invalid filename format
2025-08-11 16:22:25,585 INFO:   Wafer_21012020_143634.csv: Invalid filename format
2025-08-11 16:22:25,585 INFO:   Wafer_fault_detection.csv: Invalid filename format
2025-08-11 16:22:25,585 INFO:   wafer_17012020_125434.csv: Last column should be 'Output' or 'Good/Bad', got 'Sensor-590'
2025-08-11 16:22:25,585 INFO:   wafer_27012020_080912.csv: Columns do not match schema
2025-08-11 16:22:25,585 INFO:   Wafer_08012020_120000.csv: Invalid filename format
2025-08-11 16:22:25,585 INFO:   Wafer_11012020_151432.csv: Invalid filename format
2025-08-11 16:22:25,585 INFO:   Wafer_25012020_142112.csv: Invalid filename format
2025-08-11 16:22:25,585 INFO:   Wafer_07012020_223345.csv: Invalid filename format
2025-08-11 16:22:25,585 INFO:   Wafer_15012020_130532.csv: Invalid filename format
2025-08-11 16:22:25,585 INFO:   Wafer_14012020_113045.csv: Invalid filename format
2025-08-11 16:22:25,585 INFO:   Wafer_12012020_111213.csv: Invalid filename format
2025-08-11 16:22:25,585 INFO:   Wafer_15010_130532.csv: Invalid filename format
2025-08-11 16:57:51,335 INFO: Validator initialized for mode: training
2025-08-11 16:57:51,337 INFO: Reading schema file...
2025-08-11 16:57:51,345 INFO: Schema loaded: 592 columns
2025-08-11 16:57:51,346 INFO: Setting up directories for validation...
2025-08-11 16:57:51,362 INFO: Removed existing directory: /workspaces/automated-semiconductor-fault-detection/data/training/good
2025-08-11 16:57:51,364 INFO: Created directory: /workspaces/automated-semiconductor-fault-detection/data/training/good
2025-08-11 16:57:51,374 INFO: Removed existing directory: /workspaces/automated-semiconductor-fault-detection/data/training/bad
2025-08-11 16:57:51,375 INFO: Created directory: /workspaces/automated-semiconductor-fault-detection/data/training/bad
2025-08-11 16:57:51,375 INFO: ============================================================
2025-08-11 16:57:51,375 INFO: === TRAINING Validation started at 2025-08-11 16:57:51 ===
2025-08-11 16:57:51,375 INFO: ============================================================
2025-08-11 16:57:51,375 INFO: Scanning input directory /workspaces/automated-semiconductor-fault-detection/data/training/input for CSV files...
2025-08-11 16:57:51,375 INFO: Found 43 CSV files to process
2025-08-11 16:57:51,379 INFO: Processing file: Wafer_07012020_000000.csv
2025-08-11 16:57:51,379 WARNING: Invalid filename format: Wafer_07012020_000000.csv
2025-08-11 16:57:51,380 INFO: Processing file: Wafer_text_130532.csv
2025-08-11 16:57:51,382 INFO: Processing file: wafer_21012020_080913.csv
2025-08-11 16:57:51,382 WARNING: Invalid filename format: Wafer_text_130532.csv
2025-08-11 16:57:51,382 INFO: Processing file: Wafer_20012020_135132.csv
2025-08-11 16:57:51,386 WARNING: Invalid filename format: Wafer_20012020_135132.csv
2025-08-11 16:57:51,407 INFO: [BAD] Wafer_text_130532.csv: Invalid filename format
2025-08-11 16:57:51,407 INFO: Processing file: wafer_23012020_011008.csv
2025-08-11 16:57:51,408 INFO: [BAD] Wafer_07012020_000000.csv: Invalid filename format
2025-08-11 16:57:51,408 INFO: Processing file: wafer_31012020_090811.csv
2025-08-11 16:57:51,411 INFO: [BAD] Wafer_20012020_135132.csv: Invalid filename format
2025-08-11 16:57:51,411 INFO: Processing file: wafer_20012020_090819.csv
2025-08-11 16:57:51,430 INFO: File SHA256: d1605198b5041901...
2025-08-11 16:57:51,431 INFO: Column validation passed using hash comparison.
2025-08-11 16:57:51,434 INFO: File SHA256: ad2f1ded6ecad58b...
2025-08-11 16:57:51,436 INFO: Column validation passed using hash comparison.
2025-08-11 16:57:51,435 INFO: File SHA256: e0a35d2e6b52b2ce...
2025-08-11 16:57:51,442 INFO: Column validation passed using hash comparison.
2025-08-11 16:57:51,442 INFO: File SHA256: e747459419f96d6c...
2025-08-11 16:57:51,446 INFO: Column validation passed using hash comparison.
2025-08-11 16:57:51,551 INFO: [GOOD] wafer_21012020_080913_d1605198.csv
2025-08-11 16:57:51,553 INFO: Processing file: Waferdefault_15010_130532.csv
2025-08-11 16:57:51,569 WARNING: Invalid filename format: Waferdefault_15010_130532.csv
2025-08-11 16:57:51,570 INFO: [GOOD] wafer_20012020_090819_e0a35d2e.csv
2025-08-11 16:57:51,569 INFO: [GOOD] wafer_31012020_090811_e7474594.csv
2025-08-11 16:57:51,571 INFO: Processing file: wafer_20022020_090716.csv
2025-08-11 16:57:51,572 INFO: [GOOD] wafer_23012020_011008_ad2f1ded.csv
2025-08-11 16:57:51,573 INFO: Processing file: Wafer_22012020_173245.csv
2025-08-11 16:57:51,575 INFO: Processing file: Wafer_13012020_141000.csv
2025-08-11 16:57:51,576 WARNING: Invalid filename format: Wafer_22012020_173245.csv
2025-08-11 16:57:51,576 INFO: [BAD] Waferdefault_15010_130532.csv: Invalid filename format
2025-08-11 16:57:51,578 INFO: Processing file: wafer_16012020_134553.csv
2025-08-11 16:57:51,577 WARNING: Invalid filename format: Wafer_13012020_141000.csv
2025-08-11 16:57:51,577 INFO: File SHA256: dd94e2657b6ccd31...
2025-08-11 16:57:51,580 INFO: Column validation passed using hash comparison.
2025-08-11 16:57:51,592 INFO: [BAD] Wafer_13012020_141000.csv: Invalid filename format
2025-08-11 16:57:51,593 INFO: [GOOD] wafer_20022020_090716_dd94e265.csv
2025-08-11 16:57:51,593 INFO: [BAD] Wafer_22012020_173245.csv: Invalid filename format
2025-08-11 16:57:51,594 INFO: File SHA256: de0a888a8ee25bff...
2025-08-11 16:57:51,594 INFO: Processing file: wafer_23012020_041211.csv
2025-08-11 16:57:51,594 INFO: Processing file: wafer_28012020_051011.csv
2025-08-11 16:57:51,595 INFO: File SHA256: 1d78b5f96648b029...
2025-08-11 16:57:51,596 INFO: Column validation passed using hash comparison.
2025-08-11 16:57:51,597 INFO: Processing file: Wafer_23012020_163456.csv
2025-08-11 16:57:51,598 WARNING: Last column should be 'Output' or 'Good/Bad', got 'Sensor-590'
2025-08-11 16:57:51,599 WARNING: Column validation failed: Last column should be 'Output' or 'Good/Bad', got 'Sensor-590'
2025-08-11 16:57:51,599 INFO: [BAD] wafer_16012020_134553.csv: Last column should be 'Output' or 'Good/Bad', got 'Sensor-590'
2025-08-11 16:57:51,599 WARNING: Invalid filename format: Wafer_23012020_163456.csv
2025-08-11 16:57:51,600 INFO: Processing file: Wafer_12012020_111.csv
2025-08-11 16:57:51,616 WARNING: Invalid filename format: Wafer_12012020_111.csv
2025-08-11 16:57:51,617 INFO: File SHA256: a6124fd085b75843...
2025-08-11 16:57:51,617 INFO: [GOOD] wafer_23012020_041211_1d78b5f9.csv
2025-08-11 16:57:51,619 INFO: Column validation passed using hash comparison.
2025-08-11 16:57:51,619 INFO: [BAD] Wafer_23012020_163456.csv: Invalid filename format
2025-08-11 16:57:51,627 INFO: Processing file: wafer_20012020_090818.csv
2025-08-11 16:57:51,621 INFO: Processing file: Wafer_10012020_131534.csv
2025-08-11 16:57:51,628 WARNING: Invalid filename format: Wafer_10012020_131534.csv
2025-08-11 16:57:51,639 INFO: [BAD] Wafer_12012020_111.csv: Invalid filename format
2025-08-11 16:57:51,639 INFO: [GOOD] wafer_28012020_051011_a6124fd0.csv
2025-08-11 16:57:51,640 INFO: Processing file: Wafer_19012020_141432.csv
2025-08-11 16:57:51,642 INFO: Processing file: Wafer_24012020_150121.csv
2025-08-11 16:57:51,643 WARNING: Invalid filename format: Wafer_19012020_141432.csv
2025-08-11 16:57:51,643 WARNING: Invalid filename format: Wafer_24012020_150121.csv
2025-08-11 16:57:51,644 INFO: [BAD] Wafer_10012020_131534.csv: Invalid filename format
2025-08-11 16:57:51,644 INFO: File SHA256: f1d2f61c83b11721...
2025-08-11 16:57:51,645 INFO: Column validation passed using hash comparison.
2025-08-11 16:57:51,645 INFO: Processing file: wafer_27012020_080911.csv
2025-08-11 16:57:51,648 WARNING: Column 'Sensor-16' expects float, got 'abc'
2025-08-11 16:57:51,648 WARNING: Row 6 dtype validation failed: Column 'Sensor-16' expects float, got 'abc'
2025-08-11 16:57:51,648 INFO: [BAD] wafer_20012020_090818.csv: Row 6: Column 'Sensor-16' expects float, got 'abc'
2025-08-11 16:57:51,649 INFO: Processing file: Wafer12_20012.csv
2025-08-11 16:57:51,649 WARNING: Invalid filename format: Wafer12_20012.csv
2025-08-11 16:57:51,650 INFO: [BAD] Wafer_19012020_141432.csv: Invalid filename format
2025-08-11 16:57:51,651 INFO: Processing file: Wafer_18012020_121532.csv
2025-08-11 16:57:51,651 WARNING: Invalid filename format: Wafer_18012020_121532.csv
2025-08-11 16:57:51,651 INFO: [BAD] Wafer_24012020_150121.csv: Invalid filename format
2025-08-11 16:57:51,652 INFO: Processing file: wafer_29012020_050617.csv
2025-08-11 16:57:51,657 INFO: File SHA256: ba78fb9374372dad...
2025-08-11 16:57:51,658 INFO: Column validation passed using hash comparison.
2025-08-11 16:57:51,673 INFO: [BAD] Wafer12_20012.csv: Invalid filename format
2025-08-11 16:57:51,674 INFO: Processing file: wafer_22022020_041119.csv
2025-08-11 16:57:51,674 INFO: [BAD] Wafer_18012020_121532.csv: Invalid filename format
2025-08-11 16:57:51,674 INFO: File SHA256: 8b7ece090bae683a...
2025-08-11 16:57:51,674 INFO: [GOOD] wafer_27012020_080911_ba78fb93.csv
2025-08-11 16:57:51,675 INFO: Processing file: wafer_17012020_125434.csv
2025-08-11 16:57:51,675 INFO: Column validation passed using hash comparison.
2025-08-11 16:57:51,676 INFO: Processing file: Wafer_21012020_143634.csv
2025-08-11 16:57:51,691 WARNING: Invalid filename format: Wafer_21012020_143634.csv
2025-08-11 16:57:51,695 INFO: File SHA256: 418c0260c3383dd7...
2025-08-11 16:57:51,695 INFO: [BAD] Wafer_21012020_143634.csv: Invalid filename format
2025-08-11 16:57:51,696 INFO: Column validation passed using hash comparison.
2025-08-11 16:57:51,696 INFO: Processing file: Wafer_fault_detection.csv
2025-08-11 16:57:51,696 INFO: [GOOD] wafer_29012020_050617_8b7ece09.csv
2025-08-11 16:57:51,713 WARNING: Invalid filename format: Wafer_fault_detection.csv
2025-08-11 16:57:51,714 INFO: Processing file: wafer_07012020_041011.csv
2025-08-11 16:57:51,715 INFO: File SHA256: c6bc8191caaf5ecb...
2025-08-11 16:57:51,716 WARNING: Last column should be 'Output' or 'Good/Bad', got 'Sensor-590'
2025-08-11 16:57:51,715 INFO: [GOOD] wafer_22022020_041119_418c0260.csv
2025-08-11 16:57:51,717 WARNING: Column validation failed: Last column should be 'Output' or 'Good/Bad', got 'Sensor-590'
2025-08-11 16:57:51,718 INFO: Processing file: wafer_28012020_090817.csv
2025-08-11 16:57:51,720 INFO: [BAD] wafer_17012020_125434.csv: Last column should be 'Output' or 'Good/Bad', got 'Sensor-590'
2025-08-11 16:57:51,720 INFO: Processing file: wafer_29012020_060756.csv
2025-08-11 16:57:51,720 INFO: File SHA256: e1e13189cb272301...
2025-08-11 16:57:51,721 INFO: Column validation passed using hash comparison.
2025-08-11 16:57:51,737 INFO: [BAD] Wafer_fault_detection.csv: Invalid filename format
2025-08-11 16:57:51,738 INFO: [GOOD] wafer_07012020_041011_e1e13189.csv
2025-08-11 16:57:51,739 INFO: Processing file: wafer_27012020_080912.csv
2025-08-11 16:57:51,740 INFO: Processing file: Wafer_08012020_120000.csv
2025-08-11 16:57:51,740 WARNING: Invalid filename format: Wafer_08012020_120000.csv
2025-08-11 16:57:51,743 INFO: File SHA256: 74ecb99db989ca16...
2025-08-11 16:57:51,744 INFO: File SHA256: 32c908c1196125a8...
2025-08-11 16:57:51,747 INFO: Column validation passed using hash comparison.
2025-08-11 16:57:51,755 INFO: [BAD] Wafer_08012020_120000.csv: Invalid filename format
2025-08-11 16:57:51,756 WARNING: Columns do not match schema
2025-08-11 16:57:51,757 WARNING: Column validation failed: Columns do not match schema
2025-08-11 16:57:51,760 INFO: Processing file: Wafer_11012020_151432.csv
2025-08-11 16:57:51,763 WARNING: Invalid filename format: Wafer_11012020_151432.csv
2025-08-11 16:57:51,760 INFO: File SHA256: 57d4d4b20e3f9157...
2025-08-11 16:57:51,768 INFO: Column validation passed using hash comparison.
2025-08-11 16:57:51,760 INFO: [BAD] wafer_27012020_080912.csv: Columns do not match schema
2025-08-11 16:57:51,767 INFO: [BAD] Wafer_11012020_151432.csv: Invalid filename format
2025-08-11 16:57:51,771 INFO: Processing file: Wafer_25012020_142112.csv
2025-08-11 16:57:51,775 INFO: Processing file: Wafer_07012020_223345.csv
2025-08-11 16:57:51,780 WARNING: Invalid filename format: Wafer_25012020_142112.csv
2025-08-11 16:57:51,785 WARNING: Invalid filename format: Wafer_07012020_223345.csv
2025-08-11 16:57:51,786 INFO: [BAD] Wafer_25012020_142112.csv: Invalid filename format
2025-08-11 16:57:51,787 INFO: Processing file: wafer_13012020_090817.csv
2025-08-11 16:57:51,791 INFO: [BAD] Wafer_07012020_223345.csv: Invalid filename format
2025-08-11 16:57:51,792 INFO: Processing file: Wafer_15012020_130532.csv
2025-08-11 16:57:51,792 WARNING: Invalid filename format: Wafer_15012020_130532.csv
2025-08-11 16:57:51,795 INFO: [BAD] Wafer_15012020_130532.csv: Invalid filename format
2025-08-11 16:57:51,796 INFO: Processing file: wafer_28042020_031911.csv
2025-08-11 16:57:51,796 INFO: File SHA256: 685c90f461117301...
2025-08-11 16:57:51,797 INFO: Column validation passed using hash comparison.
2025-08-11 16:57:51,803 INFO: File SHA256: a54dc98c16a63418...
2025-08-11 16:57:51,808 INFO: Column validation passed using hash comparison.
2025-08-11 16:57:51,864 INFO: [GOOD] wafer_13012020_090817_685c90f4.csv
2025-08-11 16:57:51,866 INFO: Processing file: wafer_16012020_051629.csv
2025-08-11 16:57:51,877 INFO: [GOOD] wafer_28012020_090817_57d4d4b2.csv
2025-08-11 16:57:51,878 INFO: [GOOD] wafer_28042020_031911_a54dc98c.csv
2025-08-11 16:57:51,879 INFO: Processing file: Wafer_14012020_113045.csv
2025-08-11 16:57:51,881 INFO: Processing file: Wafer_12012020_111213.csv
2025-08-11 16:57:51,881 WARNING: Invalid filename format: Wafer_12012020_111213.csv
2025-08-11 16:57:51,881 INFO: [GOOD] wafer_29012020_060756_32c908c1.csv
2025-08-11 16:57:51,881 WARNING: Invalid filename format: Wafer_14012020_113045.csv
2025-08-11 16:57:51,882 INFO: Processing file: Wafer_15010_130532.csv
2025-08-11 16:57:51,883 WARNING: Invalid filename format: Wafer_15010_130532.csv
2025-08-11 16:57:51,884 INFO: File SHA256: b86db3f4308196a0...
2025-08-11 16:57:51,885 INFO: Column validation passed using hash comparison.
2025-08-11 16:57:51,887 INFO: [BAD] Wafer_12012020_111213.csv: Invalid filename format
2025-08-11 16:57:51,890 INFO: [BAD] Wafer_14012020_113045.csv: Invalid filename format
2025-08-11 16:57:51,898 INFO: [BAD] Wafer_15010_130532.csv: Invalid filename format
2025-08-11 16:57:51,913 INFO: [GOOD] wafer_16012020_051629_b86db3f4.csv
2025-08-11 16:57:51,915 INFO: 
============================================================
Training Validation Summary:
Total files: 43
Valid files: 16 (37.2%)
Invalid files: 27 (62.8%)
Note: Missing value handling will occur during preprocessing stage
============================================================
2025-08-11 16:57:51,915 INFO: Rejection reasons:
2025-08-11 16:57:51,915 INFO:   Wafer_text_130532.csv: Invalid filename format
2025-08-11 16:57:51,915 INFO:   Wafer_07012020_000000.csv: Invalid filename format
2025-08-11 16:57:51,915 INFO:   Wafer_20012020_135132.csv: Invalid filename format
2025-08-11 16:57:51,915 INFO:   Waferdefault_15010_130532.csv: Invalid filename format
2025-08-11 16:57:51,915 INFO:   Wafer_13012020_141000.csv: Invalid filename format
2025-08-11 16:57:51,915 INFO:   Wafer_22012020_173245.csv: Invalid filename format
2025-08-11 16:57:51,915 INFO:   wafer_16012020_134553.csv: Last column should be 'Output' or 'Good/Bad', got 'Sensor-590'
2025-08-11 16:57:51,915 INFO:   Wafer_23012020_163456.csv: Invalid filename format
2025-08-11 16:57:51,915 INFO:   Wafer_12012020_111.csv: Invalid filename format
2025-08-11 16:57:51,915 INFO:   Wafer_10012020_131534.csv: Invalid filename format
2025-08-11 16:57:51,915 INFO:   wafer_20012020_090818.csv: Row 6: Column 'Sensor-16' expects float, got 'abc'
2025-08-11 16:57:51,915 INFO:   Wafer_19012020_141432.csv: Invalid filename format
2025-08-11 16:57:51,915 INFO:   Wafer_24012020_150121.csv: Invalid filename format
2025-08-11 16:57:51,915 INFO:   Wafer12_20012.csv: Invalid filename format
2025-08-11 16:57:51,915 INFO:   Wafer_18012020_121532.csv: Invalid filename format
2025-08-11 16:57:51,915 INFO:   Wafer_21012020_143634.csv: Invalid filename format
2025-08-11 16:57:51,915 INFO:   wafer_17012020_125434.csv: Last column should be 'Output' or 'Good/Bad', got 'Sensor-590'
2025-08-11 16:57:51,915 INFO:   Wafer_fault_detection.csv: Invalid filename format
2025-08-11 16:57:51,915 INFO:   Wafer_08012020_120000.csv: Invalid filename format
2025-08-11 16:57:51,915 INFO:   wafer_27012020_080912.csv: Columns do not match schema
2025-08-11 16:57:51,915 INFO:   Wafer_11012020_151432.csv: Invalid filename format
2025-08-11 16:57:51,916 INFO:   Wafer_25012020_142112.csv: Invalid filename format
2025-08-11 16:57:51,916 INFO:   Wafer_07012020_223345.csv: Invalid filename format
2025-08-11 16:57:51,916 INFO:   Wafer_15012020_130532.csv: Invalid filename format
2025-08-11 16:57:51,916 INFO:   Wafer_12012020_111213.csv: Invalid filename format
2025-08-11 16:57:51,916 INFO:   Wafer_14012020_113045.csv: Invalid filename format
2025-08-11 16:57:51,916 INFO:   Wafer_15010_130532.csv: Invalid filename format
2025-08-11 19:07:37,068 INFO: Validator initialized for mode: training
2025-08-11 19:07:37,069 INFO: Reading schema file...
2025-08-11 19:07:37,081 INFO: Schema loaded: 592 columns
2025-08-11 19:07:37,082 INFO: Setting up directories for validation...
2025-08-11 19:07:37,084 INFO: Removed existing directory: /workspaces/automated-semiconductor-fault-detection/data/training/good
2025-08-11 19:07:37,085 INFO: Created directory: /workspaces/automated-semiconductor-fault-detection/data/training/good
2025-08-11 19:07:37,092 INFO: Removed existing directory: /workspaces/automated-semiconductor-fault-detection/data/training/bad
2025-08-11 19:07:37,092 INFO: Created directory: /workspaces/automated-semiconductor-fault-detection/data/training/bad
2025-08-11 19:07:37,092 INFO: ============================================================
2025-08-11 19:07:37,092 INFO: === TRAINING Validation started at 2025-08-11 19:07:37 ===
2025-08-11 19:07:37,092 INFO: ============================================================
2025-08-11 19:07:37,092 INFO: Scanning input directory /workspaces/automated-semiconductor-fault-detection/data/training/input for CSV files...
2025-08-11 19:07:37,093 INFO: Found 43 CSV files to process
2025-08-11 19:07:37,093 INFO: Processing file: Wafer_07012020_000000.csv
2025-08-11 19:07:37,093 WARNING: Invalid filename format: Wafer_07012020_000000.csv
2025-08-11 19:07:37,094 INFO: [BAD] Wafer_07012020_000000.csv: Invalid filename format
2025-08-11 19:07:37,094 INFO: Processing file: Wafer_text_130532.csv
2025-08-11 19:07:37,094 WARNING: Invalid filename format: Wafer_text_130532.csv
2025-08-11 19:07:37,095 INFO: [BAD] Wafer_text_130532.csv: Invalid filename format
2025-08-11 19:07:37,095 INFO: Processing file: wafer_21012020_080913.csv
2025-08-11 19:07:37,096 INFO: Processing file: Wafer_20012020_135132.csv
2025-08-11 19:07:37,096 WARNING: Invalid filename format: Wafer_20012020_135132.csv
2025-08-11 19:07:37,096 INFO: [BAD] Wafer_20012020_135132.csv: Invalid filename format
2025-08-11 19:07:37,096 INFO: Processing file: wafer_23012020_011008.csv
2025-08-11 19:07:37,098 INFO: File SHA256: ad2f1ded6ecad58b...
2025-08-11 19:07:37,097 INFO: Processing file: wafer_31012020_090811.csv
2025-08-11 19:07:37,097 INFO: Processing file: wafer_20012020_090819.csv
2025-08-11 19:07:37,097 INFO: File SHA256: d1605198b5041901...
2025-08-11 19:07:37,099 INFO: File SHA256: e0a35d2e6b52b2ce...
2025-08-11 19:07:37,100 INFO: Column validation passed using hash comparison.
2025-08-11 19:07:37,101 INFO: Column validation passed using hash comparison.
2025-08-11 19:07:37,104 INFO: Column validation passed using hash comparison.
2025-08-11 19:07:37,108 INFO: File SHA256: e747459419f96d6c...
2025-08-11 19:07:37,109 INFO: Column validation passed using hash comparison.
2025-08-11 19:07:37,155 INFO: [GOOD] wafer_21012020_080913_d1605198.csv
2025-08-11 19:07:37,157 INFO: Processing file: Waferdefault_15010_130532.csv
2025-08-11 19:07:37,159 WARNING: Invalid filename format: Waferdefault_15010_130532.csv
2025-08-11 19:07:37,160 INFO: [BAD] Waferdefault_15010_130532.csv: Invalid filename format
2025-08-11 19:07:37,160 INFO: Processing file: wafer_20022020_090716.csv
2025-08-11 19:07:37,160 INFO: File SHA256: dd94e2657b6ccd31...
2025-08-11 19:07:37,162 INFO: [GOOD] wafer_31012020_090811_e7474594.csv
2025-08-11 19:07:37,164 INFO: Processing file: Wafer_22012020_173245.csv
2025-08-11 19:07:37,168 WARNING: Invalid filename format: Wafer_22012020_173245.csv
2025-08-11 19:07:37,167 INFO: Column validation passed using hash comparison.
2025-08-11 19:07:37,191 INFO: [BAD] Wafer_22012020_173245.csv: Invalid filename format
2025-08-11 19:07:37,192 INFO: Processing file: Wafer_13012020_141000.csv
2025-08-11 19:07:37,192 WARNING: Invalid filename format: Wafer_13012020_141000.csv
2025-08-11 19:07:37,193 INFO: [GOOD] wafer_23012020_011008_ad2f1ded.csv
2025-08-11 19:07:37,194 INFO: Processing file: wafer_16012020_134553.csv
2025-08-11 19:07:37,194 INFO: [GOOD] wafer_20022020_090716_dd94e265.csv
2025-08-11 19:07:37,195 INFO: Processing file: wafer_23012020_041211.csv
2025-08-11 19:07:37,195 INFO: [BAD] Wafer_13012020_141000.csv: Invalid filename format
2025-08-11 19:07:37,195 INFO: [GOOD] wafer_20012020_090819_e0a35d2e.csv
2025-08-11 19:07:37,197 INFO: Processing file: wafer_28012020_051011.csv
2025-08-11 19:07:37,197 INFO: Processing file: Wafer_23012020_163456.csv
2025-08-11 19:07:37,197 INFO: File SHA256: de0a888a8ee25bff...
2025-08-11 19:07:37,198 WARNING: Invalid filename format: Wafer_23012020_163456.csv
2025-08-11 19:07:37,198 INFO: File SHA256: 1d78b5f96648b029...
2025-08-11 19:07:37,198 WARNING: Last column should be 'Output' or 'Good/Bad', got 'Sensor-590'
2025-08-11 19:07:37,199 WARNING: Column validation failed: Last column should be 'Output' or 'Good/Bad', got 'Sensor-590'
2025-08-11 19:07:37,199 INFO: Column validation passed using hash comparison.
2025-08-11 19:07:37,200 INFO: [BAD] Wafer_23012020_163456.csv: Invalid filename format
2025-08-11 19:07:37,215 INFO: File SHA256: a6124fd085b75843...
2025-08-11 19:07:37,215 INFO: Processing file: Wafer_12012020_111.csv
2025-08-11 19:07:37,216 INFO: Column validation passed using hash comparison.
2025-08-11 19:07:37,216 INFO: [BAD] wafer_16012020_134553.csv: Last column should be 'Output' or 'Good/Bad', got 'Sensor-590'
2025-08-11 19:07:37,216 INFO: [GOOD] wafer_23012020_041211_1d78b5f9.csv
2025-08-11 19:07:37,216 WARNING: Invalid filename format: Wafer_12012020_111.csv
2025-08-11 19:07:37,234 INFO: [BAD] Wafer_12012020_111.csv: Invalid filename format
2025-08-11 19:07:37,234 INFO: Processing file: wafer_20012020_090818.csv
2025-08-11 19:07:37,233 INFO: Processing file: Wafer_10012020_131534.csv
2025-08-11 19:07:37,234 INFO: Processing file: Wafer_19012020_141432.csv
2025-08-11 19:07:37,235 INFO: [GOOD] wafer_28012020_051011_a6124fd0.csv
2025-08-11 19:07:37,235 WARNING: Invalid filename format: Wafer_10012020_131534.csv
2025-08-11 19:07:37,235 WARNING: Invalid filename format: Wafer_19012020_141432.csv
2025-08-11 19:07:37,236 INFO: Processing file: Wafer_24012020_150121.csv
2025-08-11 19:07:37,237 WARNING: Invalid filename format: Wafer_24012020_150121.csv
2025-08-11 19:07:37,237 INFO: [BAD] Wafer_10012020_131534.csv: Invalid filename format
2025-08-11 19:07:37,238 INFO: [BAD] Wafer_19012020_141432.csv: Invalid filename format
2025-08-11 19:07:37,239 INFO: Processing file: wafer_27012020_080911.csv
2025-08-11 19:07:37,239 INFO: Processing file: Wafer12_20012.csv
2025-08-11 19:07:37,239 WARNING: Invalid filename format: Wafer12_20012.csv
2025-08-11 19:07:37,240 INFO: [BAD] Wafer_24012020_150121.csv: Invalid filename format
2025-08-11 19:07:37,241 INFO: File SHA256: f1d2f61c83b11721...
2025-08-11 19:07:37,241 INFO: Column validation passed using hash comparison.
2025-08-11 19:07:37,241 INFO: Processing file: Wafer_18012020_121532.csv
2025-08-11 19:07:37,241 INFO: File SHA256: ba78fb9374372dad...
2025-08-11 19:07:37,242 INFO: [BAD] Wafer12_20012.csv: Invalid filename format
2025-08-11 19:07:37,242 WARNING: Column 'Sensor-16' expects float, got 'abc'
2025-08-11 19:07:37,243 WARNING: Row 6 dtype validation failed: Column 'Sensor-16' expects float, got 'abc'
2025-08-11 19:07:37,243 INFO: Column validation passed using hash comparison.
2025-08-11 19:07:37,242 WARNING: Invalid filename format: Wafer_18012020_121532.csv
2025-08-11 19:07:37,243 INFO: Processing file: wafer_29012020_050617.csv
2025-08-11 19:07:37,259 INFO: [GOOD] wafer_27012020_080911_ba78fb93.csv
2025-08-11 19:07:37,260 INFO: Processing file: wafer_22022020_041119.csv
2025-08-11 19:07:37,261 INFO: [BAD] wafer_20012020_090818.csv: Row 6: Column 'Sensor-16' expects float, got 'abc'
2025-08-11 19:07:37,262 INFO: [BAD] Wafer_18012020_121532.csv: Invalid filename format
2025-08-11 19:07:37,262 INFO: Processing file: wafer_17012020_125434.csv
2025-08-11 19:07:37,262 INFO: Processing file: Wafer_21012020_143634.csv
2025-08-11 19:07:37,263 WARNING: Invalid filename format: Wafer_21012020_143634.csv
2025-08-11 19:07:37,263 INFO: File SHA256: 8b7ece090bae683a...
2025-08-11 19:07:37,263 INFO: File SHA256: 418c0260c3383dd7...
2025-08-11 19:07:37,264 INFO: Column validation passed using hash comparison.
2025-08-11 19:07:37,264 INFO: Column validation passed using hash comparison.
2025-08-11 19:07:37,284 INFO: [GOOD] wafer_29012020_050617_8b7ece09.csv
2025-08-11 19:07:37,285 INFO: Processing file: Wafer_fault_detection.csv
2025-08-11 19:07:37,295 WARNING: Invalid filename format: Wafer_fault_detection.csv
2025-08-11 19:07:37,295 INFO: [BAD] Wafer_21012020_143634.csv: Invalid filename format
2025-08-11 19:07:37,296 INFO: Processing file: wafer_07012020_041011.csv
2025-08-11 19:07:37,297 INFO: File SHA256: c6bc8191caaf5ecb...
2025-08-11 19:07:37,297 INFO: [GOOD] wafer_22022020_041119_418c0260.csv
2025-08-11 19:07:37,298 INFO: Processing file: wafer_28012020_090817.csv
2025-08-11 19:07:37,299 INFO: [BAD] Wafer_fault_detection.csv: Invalid filename format
2025-08-11 19:07:37,299 INFO: Processing file: wafer_29012020_060756.csv
2025-08-11 19:07:37,299 WARNING: Last column should be 'Output' or 'Good/Bad', got 'Sensor-590'
2025-08-11 19:07:37,300 WARNING: Column validation failed: Last column should be 'Output' or 'Good/Bad', got 'Sensor-590'
2025-08-11 19:07:37,301 INFO: File SHA256: 32c908c1196125a8...
2025-08-11 19:07:37,301 INFO: Column validation passed using hash comparison.
2025-08-11 19:07:37,302 INFO: File SHA256: e1e13189cb272301...
2025-08-11 19:07:37,316 INFO: File SHA256: 57d4d4b20e3f9157...
2025-08-11 19:07:37,317 INFO: [BAD] wafer_17012020_125434.csv: Last column should be 'Output' or 'Good/Bad', got 'Sensor-590'
2025-08-11 19:07:37,318 INFO: Column validation passed using hash comparison.
2025-08-11 19:07:37,318 INFO: Processing file: wafer_27012020_080912.csv
2025-08-11 19:07:37,336 INFO: Column validation passed using hash comparison.
2025-08-11 19:07:37,336 INFO: [GOOD] wafer_29012020_060756_32c908c1.csv
2025-08-11 19:07:37,336 INFO: [GOOD] wafer_07012020_041011_e1e13189.csv
2025-08-11 19:07:37,353 INFO: Processing file: Wafer_08012020_120000.csv
2025-08-11 19:07:37,354 INFO: Processing file: Wafer_11012020_151432.csv
2025-08-11 19:07:37,354 WARNING: Invalid filename format: Wafer_08012020_120000.csv
2025-08-11 19:07:37,355 WARNING: Invalid filename format: Wafer_11012020_151432.csv
2025-08-11 19:07:37,356 INFO: File SHA256: 74ecb99db989ca16...
2025-08-11 19:07:37,356 WARNING: Columns do not match schema
2025-08-11 19:07:37,357 WARNING: Column validation failed: Columns do not match schema
2025-08-11 19:07:37,357 INFO: [BAD] Wafer_11012020_151432.csv: Invalid filename format
2025-08-11 19:07:37,357 INFO: [GOOD] wafer_28012020_090817_57d4d4b2.csv
2025-08-11 19:07:37,357 INFO: [BAD] Wafer_08012020_120000.csv: Invalid filename format
2025-08-11 19:07:37,359 INFO: Processing file: Wafer_07012020_223345.csv
2025-08-11 19:07:37,359 WARNING: Invalid filename format: Wafer_07012020_223345.csv
2025-08-11 19:07:37,359 INFO: Processing file: Wafer_25012020_142112.csv
2025-08-11 19:07:37,359 INFO: [BAD] wafer_27012020_080912.csv: Columns do not match schema
2025-08-11 19:07:37,360 INFO: Processing file: wafer_13012020_090817.csv
2025-08-11 19:07:37,360 WARNING: Invalid filename format: Wafer_25012020_142112.csv
2025-08-11 19:07:37,361 INFO: Processing file: Wafer_15012020_130532.csv
2025-08-11 19:07:37,360 INFO: [BAD] Wafer_07012020_223345.csv: Invalid filename format
2025-08-11 19:07:37,361 WARNING: Invalid filename format: Wafer_15012020_130532.csv
2025-08-11 19:07:37,362 INFO: [BAD] Wafer_25012020_142112.csv: Invalid filename format
2025-08-11 19:07:37,362 INFO: Processing file: wafer_28042020_031911.csv
2025-08-11 19:07:37,363 INFO: File SHA256: 685c90f461117301...
2025-08-11 19:07:37,363 INFO: [BAD] Wafer_15012020_130532.csv: Invalid filename format
2025-08-11 19:07:37,363 INFO: Processing file: Wafer_14012020_113045.csv
2025-08-11 19:07:37,364 WARNING: Invalid filename format: Wafer_14012020_113045.csv
2025-08-11 19:07:37,363 INFO: Processing file: wafer_16012020_051629.csv
2025-08-11 19:07:37,365 INFO: Column validation passed using hash comparison.
2025-08-11 19:07:37,379 INFO: File SHA256: a54dc98c16a63418...
2025-08-11 19:07:37,380 INFO: [GOOD] wafer_13012020_090817_685c90f4.csv
2025-08-11 19:07:37,381 INFO: Processing file: Wafer_12012020_111213.csv
2025-08-11 19:07:37,381 INFO: Column validation passed using hash comparison.
2025-08-11 19:07:37,382 INFO: [BAD] Wafer_14012020_113045.csv: Invalid filename format
2025-08-11 19:07:37,382 WARNING: Invalid filename format: Wafer_12012020_111213.csv
2025-08-11 19:07:37,392 INFO: Processing file: Wafer_15010_130532.csv
2025-08-11 19:07:37,394 WARNING: Invalid filename format: Wafer_15010_130532.csv
2025-08-11 19:07:37,396 INFO: [BAD] Wafer_12012020_111213.csv: Invalid filename format
2025-08-11 19:07:37,399 INFO: [BAD] Wafer_15010_130532.csv: Invalid filename format
2025-08-11 19:07:37,399 INFO: File SHA256: b86db3f4308196a0...
2025-08-11 19:07:37,402 INFO: Column validation passed using hash comparison.
2025-08-11 19:07:37,422 INFO: [GOOD] wafer_28042020_031911_a54dc98c.csv
2025-08-11 19:07:37,423 INFO: [GOOD] wafer_16012020_051629_b86db3f4.csv
2025-08-11 19:07:37,424 INFO: 
============================================================
Training Validation Summary:
Total files: 43
Valid files: 16 (37.2%)
Invalid files: 27 (62.8%)
Note: Missing value handling will occur during preprocessing stage
============================================================
2025-08-11 19:07:37,424 INFO: Rejection reasons:
2025-08-11 19:07:37,424 INFO:   Wafer_07012020_000000.csv: Invalid filename format
2025-08-11 19:07:37,424 INFO:   Wafer_text_130532.csv: Invalid filename format
2025-08-11 19:07:37,424 INFO:   Wafer_20012020_135132.csv: Invalid filename format
2025-08-11 19:07:37,424 INFO:   Waferdefault_15010_130532.csv: Invalid filename format
2025-08-11 19:07:37,424 INFO:   Wafer_22012020_173245.csv: Invalid filename format
2025-08-11 19:07:37,424 INFO:   Wafer_13012020_141000.csv: Invalid filename format
2025-08-11 19:07:37,425 INFO:   Wafer_23012020_163456.csv: Invalid filename format
2025-08-11 19:07:37,425 INFO:   wafer_16012020_134553.csv: Last column should be 'Output' or 'Good/Bad', got 'Sensor-590'
2025-08-11 19:07:37,425 INFO:   Wafer_12012020_111.csv: Invalid filename format
2025-08-11 19:07:37,425 INFO:   Wafer_10012020_131534.csv: Invalid filename format
2025-08-11 19:07:37,425 INFO:   Wafer_19012020_141432.csv: Invalid filename format
2025-08-11 19:07:37,425 INFO:   Wafer_24012020_150121.csv: Invalid filename format
2025-08-11 19:07:37,425 INFO:   Wafer12_20012.csv: Invalid filename format
2025-08-11 19:07:37,425 INFO:   wafer_20012020_090818.csv: Row 6: Column 'Sensor-16' expects float, got 'abc'
2025-08-11 19:07:37,425 INFO:   Wafer_18012020_121532.csv: Invalid filename format
2025-08-11 19:07:37,426 INFO:   Wafer_21012020_143634.csv: Invalid filename format
2025-08-11 19:07:37,426 INFO:   Wafer_fault_detection.csv: Invalid filename format
2025-08-11 19:07:37,426 INFO:   wafer_17012020_125434.csv: Last column should be 'Output' or 'Good/Bad', got 'Sensor-590'
2025-08-11 19:07:37,426 INFO:   Wafer_11012020_151432.csv: Invalid filename format
2025-08-11 19:07:37,426 INFO:   Wafer_08012020_120000.csv: Invalid filename format
2025-08-11 19:07:37,426 INFO:   wafer_27012020_080912.csv: Columns do not match schema
2025-08-11 19:07:37,426 INFO:   Wafer_07012020_223345.csv: Invalid filename format
2025-08-11 19:07:37,426 INFO:   Wafer_25012020_142112.csv: Invalid filename format
2025-08-11 19:07:37,426 INFO:   Wafer_15012020_130532.csv: Invalid filename format
2025-08-11 19:07:37,426 INFO:   Wafer_14012020_113045.csv: Invalid filename format
2025-08-11 19:07:37,426 INFO:   Wafer_12012020_111213.csv: Invalid filename format
2025-08-11 19:07:37,426 INFO:   Wafer_15010_130532.csv: Invalid filename format
2025-08-11 19:08:37,040 INFO: Validator initialized for mode: training
2025-08-11 19:08:37,040 INFO: Reading schema file...
2025-08-11 19:08:37,042 INFO: Schema loaded: 592 columns
2025-08-11 19:08:37,042 INFO: Setting up directories for validation...
2025-08-11 19:08:37,044 INFO: Removed existing directory: /workspaces/automated-semiconductor-fault-detection/data/training/good
2025-08-11 19:08:37,044 INFO: Created directory: /workspaces/automated-semiconductor-fault-detection/data/training/good
2025-08-11 19:08:37,047 INFO: Removed existing directory: /workspaces/automated-semiconductor-fault-detection/data/training/bad
2025-08-11 19:08:37,047 INFO: Created directory: /workspaces/automated-semiconductor-fault-detection/data/training/bad
2025-08-11 19:08:37,047 INFO: ============================================================
2025-08-11 19:08:37,048 INFO: === TRAINING Validation started at 2025-08-11 19:08:37 ===
2025-08-11 19:08:37,048 INFO: ============================================================
2025-08-11 19:08:37,048 INFO: Scanning input directory /workspaces/automated-semiconductor-fault-detection/data/training/input for CSV files...
2025-08-11 19:08:37,048 INFO: Found 43 CSV files to process
2025-08-11 19:08:37,050 INFO: Processing file: Wafer_07012020_000000.csv
2025-08-11 19:08:37,050 WARNING: Invalid filename format: Wafer_07012020_000000.csv
2025-08-11 19:08:37,050 INFO: [BAD] Wafer_07012020_000000.csv: Invalid filename format
2025-08-11 19:08:37,052 INFO: Processing file: Wafer_text_130532.csv
2025-08-11 19:08:37,052 INFO: Processing file: wafer_21012020_080913.csv
2025-08-11 19:08:37,057 INFO: File SHA256: d1605198b5041901...
2025-08-11 19:08:37,054 INFO: Processing file: Wafer_20012020_135132.csv
2025-08-11 19:08:37,054 INFO: Processing file: wafer_23012020_011008.csv
2025-08-11 19:08:37,052 WARNING: Invalid filename format: Wafer_text_130532.csv
2025-08-11 19:08:37,061 INFO: Column validation passed using hash comparison.
2025-08-11 19:08:37,061 WARNING: Invalid filename format: Wafer_20012020_135132.csv
2025-08-11 19:08:37,065 INFO: File SHA256: ad2f1ded6ecad58b...
2025-08-11 19:08:37,068 INFO: [BAD] Wafer_text_130532.csv: Invalid filename format
2025-08-11 19:08:37,068 INFO: [BAD] Wafer_20012020_135132.csv: Invalid filename format
2025-08-11 19:08:37,069 INFO: Column validation passed using hash comparison.
2025-08-11 19:08:37,069 INFO: Processing file: wafer_31012020_090811.csv
2025-08-11 19:08:37,077 INFO: File SHA256: e747459419f96d6c...
2025-08-11 19:08:37,078 INFO: Column validation passed using hash comparison.
2025-08-11 19:08:37,069 INFO: Processing file: wafer_20012020_090819.csv
2025-08-11 19:08:37,085 INFO: File SHA256: e0a35d2e6b52b2ce...
2025-08-11 19:08:37,094 INFO: Column validation passed using hash comparison.
2025-08-11 19:08:37,148 INFO: [GOOD] wafer_21012020_080913_d1605198.csv
2025-08-11 19:08:37,149 INFO: [GOOD] wafer_20012020_090819_e0a35d2e.csv
2025-08-11 19:08:37,150 INFO: Processing file: Waferdefault_15010_130532.csv
2025-08-11 19:08:37,153 INFO: Processing file: wafer_20022020_090716.csv
2025-08-11 19:08:37,153 WARNING: Invalid filename format: Waferdefault_15010_130532.csv
2025-08-11 19:08:37,157 INFO: [BAD] Waferdefault_15010_130532.csv: Invalid filename format
2025-08-11 19:08:37,158 INFO: Processing file: Wafer_22012020_173245.csv
2025-08-11 19:08:37,158 WARNING: Invalid filename format: Wafer_22012020_173245.csv
2025-08-11 19:08:37,158 INFO: [BAD] Wafer_22012020_173245.csv: Invalid filename format
2025-08-11 19:08:37,158 INFO: Processing file: Wafer_13012020_141000.csv
2025-08-11 19:08:37,158 WARNING: Invalid filename format: Wafer_13012020_141000.csv
2025-08-11 19:08:37,155 INFO: File SHA256: dd94e2657b6ccd31...
2025-08-11 19:08:37,159 INFO: Column validation passed using hash comparison.
2025-08-11 19:08:37,153 INFO: [GOOD] wafer_31012020_090811_e7474594.csv
2025-08-11 19:08:37,174 INFO: Processing file: wafer_16012020_134553.csv
2025-08-11 19:08:37,174 INFO: [GOOD] wafer_20022020_090716_dd94e265.csv
2025-08-11 19:08:37,174 INFO: [BAD] Wafer_13012020_141000.csv: Invalid filename format
2025-08-11 19:08:37,175 INFO: Processing file: wafer_23012020_041211.csv
2025-08-11 19:08:37,175 INFO: [GOOD] wafer_23012020_011008_ad2f1ded.csv
2025-08-11 19:08:37,176 INFO: Processing file: wafer_28012020_051011.csv
2025-08-11 19:08:37,177 INFO: Processing file: Wafer_23012020_163456.csv
2025-08-11 19:08:37,177 INFO: File SHA256: de0a888a8ee25bff...
2025-08-11 19:08:37,177 WARNING: Invalid filename format: Wafer_23012020_163456.csv
2025-08-11 19:08:37,178 INFO: File SHA256: 1d78b5f96648b029...
2025-08-11 19:08:37,179 INFO: Column validation passed using hash comparison.
2025-08-11 19:08:37,179 WARNING: Last column should be 'Output' or 'Good/Bad', got 'Sensor-590'
2025-08-11 19:08:37,194 WARNING: Column validation failed: Last column should be 'Output' or 'Good/Bad', got 'Sensor-590'
2025-08-11 19:08:37,195 INFO: [BAD] wafer_16012020_134553.csv: Last column should be 'Output' or 'Good/Bad', got 'Sensor-590'
2025-08-11 19:08:37,195 INFO: Processing file: Wafer_12012020_111.csv
2025-08-11 19:08:37,195 WARNING: Invalid filename format: Wafer_12012020_111.csv
2025-08-11 19:08:37,194 INFO: File SHA256: a6124fd085b75843...
2025-08-11 19:08:37,196 INFO: [BAD] Wafer_23012020_163456.csv: Invalid filename format
2025-08-11 19:08:37,196 INFO: Column validation passed using hash comparison.
2025-08-11 19:08:37,197 INFO: [GOOD] wafer_23012020_041211_1d78b5f9.csv
2025-08-11 19:08:37,197 INFO: [BAD] Wafer_12012020_111.csv: Invalid filename format
2025-08-11 19:08:37,197 INFO: Processing file: Wafer_10012020_131534.csv
2025-08-11 19:08:37,201 INFO: Processing file: wafer_20012020_090818.csv
2025-08-11 19:08:37,214 INFO: [GOOD] wafer_28012020_051011_a6124fd0.csv
2025-08-11 19:08:37,214 INFO: Processing file: Wafer_19012020_141432.csv
2025-08-11 19:08:37,215 INFO: Processing file: Wafer_24012020_150121.csv
2025-08-11 19:08:37,214 WARNING: Invalid filename format: Wafer_10012020_131534.csv
2025-08-11 19:08:37,217 INFO: [BAD] Wafer_10012020_131534.csv: Invalid filename format
2025-08-11 19:08:37,217 INFO: Processing file: wafer_27012020_080911.csv
2025-08-11 19:08:37,216 WARNING: Invalid filename format: Wafer_24012020_150121.csv
2025-08-11 19:08:37,215 WARNING: Invalid filename format: Wafer_19012020_141432.csv
2025-08-11 19:08:37,216 INFO: File SHA256: f1d2f61c83b11721...
2025-08-11 19:08:37,219 INFO: Column validation passed using hash comparison.
2025-08-11 19:08:37,220 WARNING: Column 'Sensor-16' expects float, got 'abc'
2025-08-11 19:08:37,220 INFO: [BAD] Wafer_24012020_150121.csv: Invalid filename format
2025-08-11 19:08:37,221 INFO: File SHA256: ba78fb9374372dad...
2025-08-11 19:08:37,221 WARNING: Row 6 dtype validation failed: Column 'Sensor-16' expects float, got 'abc'
2025-08-11 19:08:37,221 INFO: [BAD] Wafer_19012020_141432.csv: Invalid filename format
2025-08-11 19:08:37,222 INFO: Processing file: Wafer12_20012.csv
2025-08-11 19:08:37,222 INFO: Column validation passed using hash comparison.
2025-08-11 19:08:37,223 INFO: Processing file: Wafer_18012020_121532.csv
2025-08-11 19:08:37,223 WARNING: Invalid filename format: Wafer12_20012.csv
2025-08-11 19:08:37,235 INFO: [BAD] wafer_20012020_090818.csv: Row 6: Column 'Sensor-16' expects float, got 'abc'
2025-08-11 19:08:37,235 WARNING: Invalid filename format: Wafer_18012020_121532.csv
2025-08-11 19:08:37,236 INFO: [BAD] Wafer_18012020_121532.csv: Invalid filename format
2025-08-11 19:08:37,236 INFO: Processing file: wafer_29012020_050617.csv
2025-08-11 19:08:37,236 INFO: Processing file: wafer_22022020_041119.csv
2025-08-11 19:08:37,237 INFO: File SHA256: 418c0260c3383dd7...
2025-08-11 19:08:37,239 INFO: File SHA256: 8b7ece090bae683a...
2025-08-11 19:08:37,244 INFO: Column validation passed using hash comparison.
2025-08-11 19:08:37,244 INFO: Column validation passed using hash comparison.
2025-08-11 19:08:37,254 INFO: [BAD] Wafer12_20012.csv: Invalid filename format
2025-08-11 19:08:37,256 INFO: [GOOD] wafer_27012020_080911_ba78fb93.csv
2025-08-11 19:08:37,283 INFO: Processing file: wafer_17012020_125434.csv
2025-08-11 19:08:37,283 INFO: Processing file: Wafer_21012020_143634.csv
2025-08-11 19:08:37,283 INFO: [GOOD] wafer_22022020_041119_418c0260.csv
2025-08-11 19:08:37,283 INFO: [GOOD] wafer_29012020_050617_8b7ece09.csv
2025-08-11 19:08:37,284 WARNING: Invalid filename format: Wafer_21012020_143634.csv
2025-08-11 19:08:37,285 INFO: Processing file: Wafer_fault_detection.csv
2025-08-11 19:08:37,285 INFO: Processing file: wafer_07012020_041011.csv
2025-08-11 19:08:37,286 WARNING: Invalid filename format: Wafer_fault_detection.csv
2025-08-11 19:08:37,287 INFO: File SHA256: c6bc8191caaf5ecb...
2025-08-11 19:08:37,288 WARNING: Last column should be 'Output' or 'Good/Bad', got 'Sensor-590'
2025-08-11 19:08:37,288 INFO: [BAD] Wafer_21012020_143634.csv: Invalid filename format
2025-08-11 19:08:37,288 WARNING: Column validation failed: Last column should be 'Output' or 'Good/Bad', got 'Sensor-590'
2025-08-11 19:08:37,289 INFO: [BAD] Wafer_fault_detection.csv: Invalid filename format
2025-08-11 19:08:37,289 INFO: Processing file: wafer_28012020_090817.csv
2025-08-11 19:08:37,289 INFO: [BAD] wafer_17012020_125434.csv: Last column should be 'Output' or 'Good/Bad', got 'Sensor-590'
2025-08-11 19:08:37,290 INFO: File SHA256: e1e13189cb272301...
2025-08-11 19:08:37,291 INFO: Processing file: wafer_29012020_060756.csv
2025-08-11 19:08:37,291 INFO: Processing file: wafer_27012020_080912.csv
2025-08-11 19:08:37,291 INFO: Column validation passed using hash comparison.
2025-08-11 19:08:37,299 INFO: File SHA256: 57d4d4b20e3f9157...
2025-08-11 19:08:37,300 INFO: File SHA256: 32c908c1196125a8...
2025-08-11 19:08:37,301 INFO: Column validation passed using hash comparison.
2025-08-11 19:08:37,330 INFO: Column validation passed using hash comparison.
2025-08-11 19:08:37,330 INFO: [GOOD] wafer_07012020_041011_e1e13189.csv
2025-08-11 19:08:37,331 INFO: [GOOD] wafer_28012020_090817_57d4d4b2.csv
2025-08-11 19:08:37,331 INFO: File SHA256: 74ecb99db989ca16...
2025-08-11 19:08:37,348 INFO: Processing file: Wafer_08012020_120000.csv
2025-08-11 19:08:37,349 INFO: Processing file: Wafer_11012020_151432.csv
2025-08-11 19:08:37,351 WARNING: Invalid filename format: Wafer_11012020_151432.csv
2025-08-11 19:08:37,351 INFO: [GOOD] wafer_29012020_060756_32c908c1.csv
2025-08-11 19:08:37,350 WARNING: Columns do not match schema
2025-08-11 19:08:37,350 WARNING: Invalid filename format: Wafer_08012020_120000.csv
2025-08-11 19:08:37,352 INFO: Processing file: Wafer_25012020_142112.csv
2025-08-11 19:08:37,352 WARNING: Column validation failed: Columns do not match schema
2025-08-11 19:08:37,352 INFO: [BAD] Wafer_11012020_151432.csv: Invalid filename format
2025-08-11 19:08:37,353 WARNING: Invalid filename format: Wafer_25012020_142112.csv
2025-08-11 19:08:37,354 INFO: [BAD] wafer_27012020_080912.csv: Columns do not match schema
2025-08-11 19:08:37,354 INFO: Processing file: Wafer_07012020_223345.csv
2025-08-11 19:08:37,355 WARNING: Invalid filename format: Wafer_07012020_223345.csv
2025-08-11 19:08:37,355 INFO: Processing file: wafer_13012020_090817.csv
2025-08-11 19:08:37,355 INFO: [BAD] Wafer_08012020_120000.csv: Invalid filename format
2025-08-11 19:08:37,357 INFO: Processing file: Wafer_15012020_130532.csv
2025-08-11 19:08:37,357 WARNING: Invalid filename format: Wafer_15012020_130532.csv
2025-08-11 19:08:37,358 INFO: [BAD] Wafer_15012020_130532.csv: Invalid filename format
2025-08-11 19:08:37,358 INFO: Processing file: wafer_28042020_031911.csv
2025-08-11 19:08:37,359 INFO: File SHA256: a54dc98c16a63418...
2025-08-11 19:08:37,360 INFO: Column validation passed using hash comparison.
2025-08-11 19:08:37,355 INFO: [BAD] Wafer_25012020_142112.csv: Invalid filename format
2025-08-11 19:08:37,357 INFO: [BAD] Wafer_07012020_223345.csv: Invalid filename format
2025-08-11 19:08:37,360 INFO: Processing file: wafer_16012020_051629.csv
2025-08-11 19:08:37,361 INFO: File SHA256: b86db3f4308196a0...
2025-08-11 19:08:37,361 INFO: Column validation passed using hash comparison.
2025-08-11 19:08:37,362 INFO: Processing file: Wafer_14012020_113045.csv
2025-08-11 19:08:37,362 WARNING: Invalid filename format: Wafer_14012020_113045.csv
2025-08-11 19:08:37,363 INFO: [BAD] Wafer_14012020_113045.csv: Invalid filename format
2025-08-11 19:08:37,363 INFO: Processing file: Wafer_12012020_111213.csv
2025-08-11 19:08:37,363 WARNING: Invalid filename format: Wafer_12012020_111213.csv
2025-08-11 19:08:37,363 INFO: [BAD] Wafer_12012020_111213.csv: Invalid filename format
2025-08-11 19:08:37,364 INFO: Processing file: Wafer_15010_130532.csv
2025-08-11 19:08:37,366 WARNING: Invalid filename format: Wafer_15010_130532.csv
2025-08-11 19:08:37,366 INFO: [BAD] Wafer_15010_130532.csv: Invalid filename format
2025-08-11 19:08:37,356 INFO: File SHA256: 685c90f461117301...
2025-08-11 19:08:37,399 INFO: Column validation passed using hash comparison.
2025-08-11 19:08:37,399 INFO: [GOOD] wafer_28042020_031911_a54dc98c.csv
2025-08-11 19:08:37,415 INFO: [GOOD] wafer_16012020_051629_b86db3f4.csv
2025-08-11 19:08:37,416 INFO: [GOOD] wafer_13012020_090817_685c90f4.csv
2025-08-11 19:08:37,418 INFO: 
============================================================
Training Validation Summary:
Total files: 43
Valid files: 16 (37.2%)
Invalid files: 27 (62.8%)
Note: Missing value handling will occur during preprocessing stage
============================================================
2025-08-11 19:08:37,418 INFO: Rejection reasons:
2025-08-11 19:08:37,418 INFO:   Wafer_07012020_000000.csv: Invalid filename format
2025-08-11 19:08:37,418 INFO:   Wafer_text_130532.csv: Invalid filename format
2025-08-11 19:08:37,418 INFO:   Wafer_20012020_135132.csv: Invalid filename format
2025-08-11 19:08:37,418 INFO:   Waferdefault_15010_130532.csv: Invalid filename format
2025-08-11 19:08:37,418 INFO:   Wafer_22012020_173245.csv: Invalid filename format
2025-08-11 19:08:37,418 INFO:   Wafer_13012020_141000.csv: Invalid filename format
2025-08-11 19:08:37,418 INFO:   wafer_16012020_134553.csv: Last column should be 'Output' or 'Good/Bad', got 'Sensor-590'
2025-08-11 19:08:37,418 INFO:   Wafer_23012020_163456.csv: Invalid filename format
2025-08-11 19:08:37,418 INFO:   Wafer_12012020_111.csv: Invalid filename format
2025-08-11 19:08:37,418 INFO:   Wafer_10012020_131534.csv: Invalid filename format
2025-08-11 19:08:37,418 INFO:   Wafer_24012020_150121.csv: Invalid filename format
2025-08-11 19:08:37,418 INFO:   Wafer_19012020_141432.csv: Invalid filename format
2025-08-11 19:08:37,418 INFO:   wafer_20012020_090818.csv: Row 6: Column 'Sensor-16' expects float, got 'abc'
2025-08-11 19:08:37,418 INFO:   Wafer_18012020_121532.csv: Invalid filename format
2025-08-11 19:08:37,418 INFO:   Wafer12_20012.csv: Invalid filename format
2025-08-11 19:08:37,418 INFO:   Wafer_21012020_143634.csv: Invalid filename format
2025-08-11 19:08:37,418 INFO:   Wafer_fault_detection.csv: Invalid filename format
2025-08-11 19:08:37,418 INFO:   wafer_17012020_125434.csv: Last column should be 'Output' or 'Good/Bad', got 'Sensor-590'
2025-08-11 19:08:37,418 INFO:   Wafer_11012020_151432.csv: Invalid filename format
2025-08-11 19:08:37,418 INFO:   wafer_27012020_080912.csv: Columns do not match schema
2025-08-11 19:08:37,419 INFO:   Wafer_08012020_120000.csv: Invalid filename format
2025-08-11 19:08:37,419 INFO:   Wafer_25012020_142112.csv: Invalid filename format
2025-08-11 19:08:37,419 INFO:   Wafer_07012020_223345.csv: Invalid filename format
2025-08-11 19:08:37,419 INFO:   Wafer_15012020_130532.csv: Invalid filename format
2025-08-11 19:08:37,419 INFO:   Wafer_14012020_113045.csv: Invalid filename format
2025-08-11 19:08:37,419 INFO:   Wafer_12012020_111213.csv: Invalid filename format
2025-08-11 19:08:37,419 INFO:   Wafer_15010_130532.csv: Invalid filename format
2025-08-11 19:10:30,575 INFO: Validator initialized for mode: training
2025-08-11 19:10:30,575 INFO: Reading schema file...
2025-08-11 19:10:30,578 INFO: Schema loaded: 592 columns
2025-08-11 19:10:30,578 INFO: Setting up directories for validation...
2025-08-11 19:10:30,579 INFO: Removed existing directory: /workspaces/automated-semiconductor-fault-detection/data/training/good
2025-08-11 19:10:30,580 INFO: Created directory: /workspaces/automated-semiconductor-fault-detection/data/training/good
2025-08-11 19:10:30,583 INFO: Removed existing directory: /workspaces/automated-semiconductor-fault-detection/data/training/bad
2025-08-11 19:10:30,583 INFO: Created directory: /workspaces/automated-semiconductor-fault-detection/data/training/bad
2025-08-11 19:10:30,583 INFO: ============================================================
2025-08-11 19:10:30,583 INFO: === TRAINING Validation started at 2025-08-11 19:10:30 ===
2025-08-11 19:10:30,583 INFO: ============================================================
2025-08-11 19:10:30,583 INFO: Scanning input directory /workspaces/automated-semiconductor-fault-detection/data/training/input for CSV files...
2025-08-11 19:10:30,583 INFO: Found 43 CSV files to process
2025-08-11 19:10:30,584 INFO: Processing file: Wafer_07012020_000000.csv
2025-08-11 19:10:30,584 WARNING: Invalid filename format: Wafer_07012020_000000.csv
2025-08-11 19:10:30,585 INFO: [BAD] Wafer_07012020_000000.csv: Invalid filename format
2025-08-11 19:10:30,586 INFO: Processing file: Wafer_text_130532.csv
2025-08-11 19:10:30,587 WARNING: Invalid filename format: Wafer_text_130532.csv
2025-08-11 19:10:30,588 INFO: Processing file: wafer_21012020_080913.csv
2025-08-11 19:10:30,588 INFO: [BAD] Wafer_text_130532.csv: Invalid filename format
2025-08-11 19:10:30,588 INFO: Processing file: Wafer_20012020_135132.csv
2025-08-11 19:10:30,589 INFO: Processing file: wafer_23012020_011008.csv
2025-08-11 19:10:30,589 WARNING: Invalid filename format: Wafer_20012020_135132.csv
2025-08-11 19:10:30,590 INFO: Processing file: wafer_31012020_090811.csv
2025-08-11 19:10:30,591 INFO: File SHA256: ad2f1ded6ecad58b...
2025-08-11 19:10:30,593 INFO: Column validation passed using hash comparison.
2025-08-11 19:10:30,592 INFO: File SHA256: d1605198b5041901...
2025-08-11 19:10:30,596 INFO: Column validation passed using hash comparison.
2025-08-11 19:10:30,592 INFO: [BAD] Wafer_20012020_135132.csv: Invalid filename format
2025-08-11 19:10:30,620 INFO: Processing file: wafer_20012020_090819.csv
2025-08-11 19:10:30,591 INFO: File SHA256: e747459419f96d6c...
2025-08-11 19:10:30,622 INFO: Column validation passed using hash comparison.
2025-08-11 19:10:30,648 INFO: [GOOD] wafer_23012020_011008_ad2f1ded.csv
2025-08-11 19:10:30,649 INFO: Processing file: Waferdefault_15010_130532.csv
2025-08-11 19:10:30,649 WARNING: Invalid filename format: Waferdefault_15010_130532.csv
2025-08-11 19:10:30,650 INFO: File SHA256: e0a35d2e6b52b2ce...
2025-08-11 19:10:30,650 INFO: [GOOD] wafer_21012020_080913_d1605198.csv
2025-08-11 19:10:30,651 INFO: Processing file: wafer_20022020_090716.csv
2025-08-11 19:10:30,652 INFO: Column validation passed using hash comparison.
2025-08-11 19:10:30,667 INFO: [BAD] Waferdefault_15010_130532.csv: Invalid filename format
2025-08-11 19:10:30,667 INFO: Processing file: Wafer_22012020_173245.csv
2025-08-11 19:10:30,667 WARNING: Invalid filename format: Wafer_22012020_173245.csv
2025-08-11 19:10:30,668 INFO: [BAD] Wafer_22012020_173245.csv: Invalid filename format
2025-08-11 19:10:30,668 INFO: Processing file: Wafer_13012020_141000.csv
2025-08-11 19:10:30,668 WARNING: Invalid filename format: Wafer_13012020_141000.csv
2025-08-11 19:10:30,668 INFO: [GOOD] wafer_31012020_090811_e7474594.csv
2025-08-11 19:10:30,669 INFO: Processing file: wafer_16012020_134553.csv
2025-08-11 19:10:30,670 INFO: File SHA256: dd94e2657b6ccd31...
2025-08-11 19:10:30,670 INFO: [BAD] Wafer_13012020_141000.csv: Invalid filename format
2025-08-11 19:10:30,671 INFO: [GOOD] wafer_20012020_090819_e0a35d2e.csv
2025-08-11 19:10:30,672 INFO: Processing file: wafer_23012020_041211.csv
2025-08-11 19:10:30,672 INFO: Column validation passed using hash comparison.
2025-08-11 19:10:30,672 INFO: Processing file: wafer_28012020_051011.csv
2025-08-11 19:10:30,673 INFO: File SHA256: de0a888a8ee25bff...
2025-08-11 19:10:30,679 WARNING: Last column should be 'Output' or 'Good/Bad', got 'Sensor-590'
2025-08-11 19:10:30,680 WARNING: Column validation failed: Last column should be 'Output' or 'Good/Bad', got 'Sensor-590'
2025-08-11 19:10:30,680 INFO: [GOOD] wafer_20022020_090716_dd94e265.csv
2025-08-11 19:10:30,681 INFO: [BAD] wafer_16012020_134553.csv: Last column should be 'Output' or 'Good/Bad', got 'Sensor-590'
2025-08-11 19:10:30,681 INFO: File SHA256: a6124fd085b75843...
2025-08-11 19:10:30,682 INFO: Processing file: Wafer_23012020_163456.csv
2025-08-11 19:10:30,683 WARNING: Invalid filename format: Wafer_23012020_163456.csv
2025-08-11 19:10:30,684 INFO: [BAD] Wafer_23012020_163456.csv: Invalid filename format
2025-08-11 19:10:30,684 INFO: Processing file: Wafer_10012020_131534.csv
2025-08-11 19:10:30,684 WARNING: Invalid filename format: Wafer_10012020_131534.csv
2025-08-11 19:10:30,684 INFO: [BAD] Wafer_10012020_131534.csv: Invalid filename format
2025-08-11 19:10:30,681 INFO: File SHA256: 1d78b5f96648b029...
2025-08-11 19:10:30,685 INFO: Column validation passed using hash comparison.
2025-08-11 19:10:30,685 INFO: Processing file: wafer_20012020_090818.csv
2025-08-11 19:10:30,682 INFO: Processing file: Wafer_12012020_111.csv
2025-08-11 19:10:30,687 INFO: Column validation passed using hash comparison.
2025-08-11 19:10:30,689 WARNING: Invalid filename format: Wafer_12012020_111.csv
2025-08-11 19:10:30,689 INFO: [BAD] Wafer_12012020_111.csv: Invalid filename format
2025-08-11 19:10:30,689 INFO: Processing file: Wafer_19012020_141432.csv
2025-08-11 19:10:30,689 WARNING: Invalid filename format: Wafer_19012020_141432.csv
2025-08-11 19:10:30,690 INFO: [BAD] Wafer_19012020_141432.csv: Invalid filename format
2025-08-11 19:10:30,690 INFO: Processing file: Wafer_24012020_150121.csv
2025-08-11 19:10:30,690 WARNING: Invalid filename format: Wafer_24012020_150121.csv
2025-08-11 19:10:30,693 INFO: File SHA256: f1d2f61c83b11721...
2025-08-11 19:10:30,694 INFO: Column validation passed using hash comparison.
2025-08-11 19:10:30,699 INFO: [BAD] Wafer_24012020_150121.csv: Invalid filename format
2025-08-11 19:10:30,699 INFO: Processing file: wafer_27012020_080911.csv
2025-08-11 19:10:30,700 INFO: File SHA256: ba78fb9374372dad...
2025-08-11 19:10:30,701 INFO: Column validation passed using hash comparison.
2025-08-11 19:10:30,703 WARNING: Column 'Sensor-16' expects float, got 'abc'
2025-08-11 19:10:30,703 WARNING: Row 6 dtype validation failed: Column 'Sensor-16' expects float, got 'abc'
2025-08-11 19:10:30,704 INFO: [BAD] wafer_20012020_090818.csv: Row 6: Column 'Sensor-16' expects float, got 'abc'
2025-08-11 19:10:30,704 INFO: Processing file: Wafer12_20012.csv
2025-08-11 19:10:30,704 WARNING: Invalid filename format: Wafer12_20012.csv
2025-08-11 19:10:30,710 INFO: [BAD] Wafer12_20012.csv: Invalid filename format
2025-08-11 19:10:30,711 INFO: Processing file: Wafer_18012020_121532.csv
2025-08-11 19:10:30,711 WARNING: Invalid filename format: Wafer_18012020_121532.csv
2025-08-11 19:10:30,715 INFO: [BAD] Wafer_18012020_121532.csv: Invalid filename format
2025-08-11 19:10:30,715 INFO: Processing file: wafer_29012020_050617.csv
2025-08-11 19:10:30,716 INFO: File SHA256: 8b7ece090bae683a...
2025-08-11 19:10:30,720 INFO: Column validation passed using hash comparison.
2025-08-11 19:10:30,830 INFO: [GOOD] wafer_28012020_051011_a6124fd0.csv
2025-08-11 19:10:30,838 INFO: Processing file: wafer_22022020_041119.csv
2025-08-11 19:10:30,856 INFO: File SHA256: 418c0260c3383dd7...
2025-08-11 19:10:30,858 INFO: [GOOD] wafer_23012020_041211_1d78b5f9.csv
2025-08-11 19:10:30,862 INFO: Processing file: wafer_17012020_125434.csv
2025-08-11 19:10:30,874 INFO: File SHA256: c6bc8191caaf5ecb...
2025-08-11 19:10:30,874 INFO: Column validation passed using hash comparison.
2025-08-11 19:10:30,864 INFO: [GOOD] wafer_27012020_080911_ba78fb93.csv
2025-08-11 19:10:30,881 WARNING: Last column should be 'Output' or 'Good/Bad', got 'Sensor-590'
2025-08-11 19:10:30,888 INFO: [GOOD] wafer_29012020_050617_8b7ece09.csv
2025-08-11 19:10:30,889 WARNING: Column validation failed: Last column should be 'Output' or 'Good/Bad', got 'Sensor-590'
2025-08-11 19:10:30,887 INFO: Processing file: Wafer_21012020_143634.csv
2025-08-11 19:10:30,892 WARNING: Invalid filename format: Wafer_21012020_143634.csv
2025-08-11 19:10:30,893 INFO: [BAD] Wafer_21012020_143634.csv: Invalid filename format
2025-08-11 19:10:30,893 INFO: Processing file: wafer_07012020_041011.csv
2025-08-11 19:10:30,893 INFO: File SHA256: e1e13189cb272301...
2025-08-11 19:10:30,894 INFO: [BAD] wafer_17012020_125434.csv: Last column should be 'Output' or 'Good/Bad', got 'Sensor-590'
2025-08-11 19:10:30,891 INFO: Processing file: Wafer_fault_detection.csv
2025-08-11 19:10:30,898 WARNING: Invalid filename format: Wafer_fault_detection.csv
2025-08-11 19:10:30,900 INFO: Processing file: wafer_28012020_090817.csv
2025-08-11 19:10:30,904 INFO: Column validation passed using hash comparison.
2025-08-11 19:10:30,901 INFO: [BAD] Wafer_fault_detection.csv: Invalid filename format
2025-08-11 19:10:30,907 INFO: Processing file: wafer_29012020_060756.csv
2025-08-11 19:10:30,908 INFO: File SHA256: 57d4d4b20e3f9157...
2025-08-11 19:10:30,913 INFO: File SHA256: 32c908c1196125a8...
2025-08-11 19:10:30,919 INFO: Column validation passed using hash comparison.
2025-08-11 19:10:30,919 INFO: Column validation passed using hash comparison.
2025-08-11 19:10:31,015 INFO: [GOOD] wafer_07012020_041011_e1e13189.csv
2025-08-11 19:10:31,016 INFO: Processing file: wafer_27012020_080912.csv
2025-08-11 19:10:31,017 INFO: [GOOD] wafer_28012020_090817_57d4d4b2.csv
2025-08-11 19:10:31,017 INFO: [GOOD] wafer_22022020_041119_418c0260.csv
2025-08-11 19:10:31,017 INFO: [GOOD] wafer_29012020_060756_32c908c1.csv
2025-08-11 19:10:31,018 INFO: Processing file: Wafer_08012020_120000.csv
2025-08-11 19:10:31,019 INFO: Processing file: Wafer_11012020_151432.csv
2025-08-11 19:10:31,020 INFO: Processing file: Wafer_25012020_142112.csv
2025-08-11 19:10:31,020 WARNING: Invalid filename format: Wafer_08012020_120000.csv
2025-08-11 19:10:31,021 WARNING: Invalid filename format: Wafer_25012020_142112.csv
2025-08-11 19:10:31,020 WARNING: Invalid filename format: Wafer_11012020_151432.csv
2025-08-11 19:10:31,021 INFO: [BAD] Wafer_08012020_120000.csv: Invalid filename format
2025-08-11 19:10:31,022 INFO: Processing file: Wafer_07012020_223345.csv
2025-08-11 19:10:31,022 WARNING: Invalid filename format: Wafer_07012020_223345.csv
2025-08-11 19:10:31,022 INFO: [BAD] Wafer_25012020_142112.csv: Invalid filename format
2025-08-11 19:10:31,023 INFO: [BAD] Wafer_11012020_151432.csv: Invalid filename format
2025-08-11 19:10:31,023 INFO: File SHA256: 74ecb99db989ca16...
2025-08-11 19:10:31,025 INFO: Processing file: wafer_13012020_090817.csv
2025-08-11 19:10:31,025 INFO: Processing file: Wafer_15012020_130532.csv
2025-08-11 19:10:31,025 INFO: [BAD] Wafer_07012020_223345.csv: Invalid filename format
2025-08-11 19:10:31,025 WARNING: Columns do not match schema
2025-08-11 19:10:31,025 WARNING: Invalid filename format: Wafer_15012020_130532.csv
2025-08-11 19:10:31,026 INFO: [BAD] Wafer_15012020_130532.csv: Invalid filename format
2025-08-11 19:10:31,026 INFO: Processing file: wafer_28042020_031911.csv
2025-08-11 19:10:31,027 INFO: File SHA256: a54dc98c16a63418...
2025-08-11 19:10:31,027 WARNING: Column validation failed: Columns do not match schema
2025-08-11 19:10:31,028 INFO: Processing file: wafer_16012020_051629.csv
2025-08-11 19:10:31,028 INFO: Column validation passed using hash comparison.
2025-08-11 19:10:31,029 INFO: File SHA256: 685c90f461117301...
2025-08-11 19:10:31,029 INFO: [BAD] wafer_27012020_080912.csv: Columns do not match schema
2025-08-11 19:10:31,044 INFO: Column validation passed using hash comparison.
2025-08-11 19:10:31,044 INFO: [GOOD] wafer_28042020_031911_a54dc98c.csv
2025-08-11 19:10:31,062 INFO: Processing file: Wafer_14012020_113045.csv
2025-08-11 19:10:31,063 INFO: Processing file: Wafer_12012020_111213.csv
2025-08-11 19:10:31,063 INFO: [GOOD] wafer_13012020_090817_685c90f4.csv
2025-08-11 19:10:31,063 WARNING: Invalid filename format: Wafer_14012020_113045.csv
2025-08-11 19:10:31,064 WARNING: Invalid filename format: Wafer_12012020_111213.csv
2025-08-11 19:10:31,064 INFO: File SHA256: b86db3f4308196a0...
2025-08-11 19:10:31,065 INFO: Processing file: Wafer_15010_130532.csv
2025-08-11 19:10:31,066 INFO: [BAD] Wafer_14012020_113045.csv: Invalid filename format
2025-08-11 19:10:31,066 INFO: Column validation passed using hash comparison.
2025-08-11 19:10:31,066 WARNING: Invalid filename format: Wafer_15010_130532.csv
2025-08-11 19:10:31,080 INFO: [BAD] Wafer_15010_130532.csv: Invalid filename format
2025-08-11 19:10:31,080 INFO: [BAD] Wafer_12012020_111213.csv: Invalid filename format
2025-08-11 19:10:31,085 INFO: [GOOD] wafer_16012020_051629_b86db3f4.csv
2025-08-11 19:10:31,086 INFO: 
============================================================
Training Validation Summary:
Total files: 43
Valid files: 16 (37.2%)
Invalid files: 27 (62.8%)
Note: Missing value handling will occur during preprocessing stage
============================================================
2025-08-11 19:10:31,086 INFO: Rejection reasons:
2025-08-11 19:10:31,086 INFO:   Wafer_07012020_000000.csv: Invalid filename format
2025-08-11 19:10:31,086 INFO:   Wafer_text_130532.csv: Invalid filename format
2025-08-11 19:10:31,087 INFO:   Wafer_20012020_135132.csv: Invalid filename format
2025-08-11 19:10:31,087 INFO:   Waferdefault_15010_130532.csv: Invalid filename format
2025-08-11 19:10:31,087 INFO:   Wafer_22012020_173245.csv: Invalid filename format
2025-08-11 19:10:31,087 INFO:   Wafer_13012020_141000.csv: Invalid filename format
2025-08-11 19:10:31,087 INFO:   wafer_16012020_134553.csv: Last column should be 'Output' or 'Good/Bad', got 'Sensor-590'
2025-08-11 19:10:31,087 INFO:   Wafer_23012020_163456.csv: Invalid filename format
2025-08-11 19:10:31,087 INFO:   Wafer_10012020_131534.csv: Invalid filename format
2025-08-11 19:10:31,087 INFO:   Wafer_12012020_111.csv: Invalid filename format
2025-08-11 19:10:31,087 INFO:   Wafer_19012020_141432.csv: Invalid filename format
2025-08-11 19:10:31,087 INFO:   Wafer_24012020_150121.csv: Invalid filename format
2025-08-11 19:10:31,087 INFO:   wafer_20012020_090818.csv: Row 6: Column 'Sensor-16' expects float, got 'abc'
2025-08-11 19:10:31,087 INFO:   Wafer12_20012.csv: Invalid filename format
2025-08-11 19:10:31,087 INFO:   Wafer_18012020_121532.csv: Invalid filename format
2025-08-11 19:10:31,087 INFO:   Wafer_21012020_143634.csv: Invalid filename format
2025-08-11 19:10:31,087 INFO:   wafer_17012020_125434.csv: Last column should be 'Output' or 'Good/Bad', got 'Sensor-590'
2025-08-11 19:10:31,087 INFO:   Wafer_fault_detection.csv: Invalid filename format
2025-08-11 19:10:31,087 INFO:   Wafer_08012020_120000.csv: Invalid filename format
2025-08-11 19:10:31,087 INFO:   Wafer_25012020_142112.csv: Invalid filename format
2025-08-11 19:10:31,087 INFO:   Wafer_11012020_151432.csv: Invalid filename format
2025-08-11 19:10:31,087 INFO:   Wafer_07012020_223345.csv: Invalid filename format
2025-08-11 19:10:31,087 INFO:   Wafer_15012020_130532.csv: Invalid filename format
2025-08-11 19:10:31,087 INFO:   wafer_27012020_080912.csv: Columns do not match schema
2025-08-11 19:10:31,087 INFO:   Wafer_14012020_113045.csv: Invalid filename format
2025-08-11 19:10:31,087 INFO:   Wafer_15010_130532.csv: Invalid filename format
2025-08-11 19:10:31,087 INFO:   Wafer_12012020_111213.csv: Invalid filename format
2025-08-11 19:16:55,546 INFO: Validator initialized for mode: training
2025-08-11 19:16:55,546 INFO: Reading schema file...
2025-08-11 19:16:55,549 INFO: Schema loaded: 592 columns
2025-08-11 19:16:55,549 INFO: Setting up directories for validation...
2025-08-11 19:16:55,550 INFO: Removed existing directory: /workspaces/automated-semiconductor-fault-detection/data/training/good
2025-08-11 19:16:55,550 INFO: Created directory: /workspaces/automated-semiconductor-fault-detection/data/training/good
2025-08-11 19:16:55,555 INFO: Removed existing directory: /workspaces/automated-semiconductor-fault-detection/data/training/bad
2025-08-11 19:16:55,555 INFO: Created directory: /workspaces/automated-semiconductor-fault-detection/data/training/bad
2025-08-11 19:16:55,555 INFO: ============================================================
2025-08-11 19:16:55,555 INFO: === TRAINING Validation started at 2025-08-11 19:16:55 ===
2025-08-11 19:16:55,555 INFO: ============================================================
2025-08-11 19:16:55,555 INFO: Scanning input directory /workspaces/automated-semiconductor-fault-detection/data/training/input for CSV files...
2025-08-11 19:16:55,555 INFO: Found 43 CSV files to process
2025-08-11 19:16:55,555 INFO: Processing file: Wafer_07012020_000000.csv
2025-08-11 19:16:55,555 WARNING: Invalid filename format: Wafer_07012020_000000.csv
2025-08-11 19:16:55,556 INFO: [BAD] Wafer_07012020_000000.csv: Invalid filename format
2025-08-11 19:16:55,556 INFO: Processing file: Wafer_text_130532.csv
2025-08-11 19:16:55,556 WARNING: Invalid filename format: Wafer_text_130532.csv
2025-08-11 19:16:55,557 INFO: Processing file: wafer_21012020_080913.csv
2025-08-11 19:16:55,558 INFO: Processing file: Wafer_20012020_135132.csv
2025-08-11 19:16:55,558 WARNING: Invalid filename format: Wafer_20012020_135132.csv
2025-08-11 19:16:55,558 INFO: [BAD] Wafer_text_130532.csv: Invalid filename format
2025-08-11 19:16:55,559 INFO: Processing file: wafer_23012020_011008.csv
2025-08-11 19:16:55,560 INFO: File SHA256: ad2f1ded6ecad58b...
2025-08-11 19:16:55,560 INFO: Processing file: wafer_31012020_090811.csv
2025-08-11 19:16:55,560 INFO: [BAD] Wafer_20012020_135132.csv: Invalid filename format
2025-08-11 19:16:55,562 INFO: File SHA256: d1605198b5041901...
2025-08-11 19:16:55,562 INFO: Processing file: wafer_20012020_090819.csv
2025-08-11 19:16:55,562 INFO: File SHA256: e747459419f96d6c...
2025-08-11 19:16:55,565 INFO: Column validation passed using hash comparison.
2025-08-11 19:16:55,564 INFO: Column validation passed using hash comparison.
2025-08-11 19:16:55,563 INFO: Column validation passed using hash comparison.
2025-08-11 19:16:55,575 INFO: File SHA256: e0a35d2e6b52b2ce...
2025-08-11 19:16:55,576 INFO: Column validation passed using hash comparison.
2025-08-11 19:16:55,615 INFO: [GOOD] wafer_23012020_011008_ad2f1ded.csv
2025-08-11 19:16:55,616 INFO: Processing file: Waferdefault_15010_130532.csv
2025-08-11 19:16:55,616 WARNING: Invalid filename format: Waferdefault_15010_130532.csv
2025-08-11 19:16:55,644 INFO: [GOOD] wafer_20012020_090819_e0a35d2e.csv
2025-08-11 19:16:55,645 INFO: Processing file: wafer_20022020_090716.csv
2025-08-11 19:16:55,645 INFO: [BAD] Waferdefault_15010_130532.csv: Invalid filename format
2025-08-11 19:16:55,647 INFO: Processing file: Wafer_22012020_173245.csv
2025-08-11 19:16:55,647 WARNING: Invalid filename format: Wafer_22012020_173245.csv
2025-08-11 19:16:55,647 INFO: [BAD] Wafer_22012020_173245.csv: Invalid filename format
2025-08-11 19:16:55,647 INFO: Processing file: Wafer_13012020_141000.csv
2025-08-11 19:16:55,647 WARNING: Invalid filename format: Wafer_13012020_141000.csv
2025-08-11 19:16:55,649 INFO: File SHA256: dd94e2657b6ccd31...
2025-08-11 19:16:55,651 INFO: Column validation passed using hash comparison.
2025-08-11 19:16:55,661 INFO: [BAD] Wafer_13012020_141000.csv: Invalid filename format
2025-08-11 19:16:55,661 INFO: Processing file: wafer_16012020_134553.csv
2025-08-11 19:16:55,661 INFO: [GOOD] wafer_31012020_090811_e7474594.csv
2025-08-11 19:16:55,663 INFO: Processing file: wafer_23012020_041211.csv
2025-08-11 19:16:55,663 INFO: [GOOD] wafer_20022020_090716_dd94e265.csv
2025-08-11 19:16:55,663 INFO: [GOOD] wafer_21012020_080913_d1605198.csv
2025-08-11 19:16:55,664 INFO: Processing file: wafer_28012020_051011.csv
2025-08-11 19:16:55,665 INFO: Processing file: Wafer_23012020_163456.csv
2025-08-11 19:16:55,665 WARNING: Invalid filename format: Wafer_23012020_163456.csv
2025-08-11 19:16:55,666 INFO: File SHA256: de0a888a8ee25bff...
2025-08-11 19:16:55,667 WARNING: Last column should be 'Output' or 'Good/Bad', got 'Sensor-590'
2025-08-11 19:16:55,667 WARNING: Column validation failed: Last column should be 'Output' or 'Good/Bad', got 'Sensor-590'
2025-08-11 19:16:55,667 INFO: [BAD] Wafer_23012020_163456.csv: Invalid filename format
2025-08-11 19:16:55,667 INFO: File SHA256: a6124fd085b75843...
2025-08-11 19:16:55,668 INFO: Processing file: Wafer_12012020_111.csv
2025-08-11 19:16:55,669 INFO: Column validation passed using hash comparison.
2025-08-11 19:16:55,669 INFO: [BAD] wafer_16012020_134553.csv: Last column should be 'Output' or 'Good/Bad', got 'Sensor-590'
2025-08-11 19:16:55,669 WARNING: Invalid filename format: Wafer_12012020_111.csv
2025-08-11 19:16:55,684 INFO: Processing file: Wafer_10012020_131534.csv
2025-08-11 19:16:55,684 INFO: File SHA256: 1d78b5f96648b029...
2025-08-11 19:16:55,684 WARNING: Invalid filename format: Wafer_10012020_131534.csv
2025-08-11 19:16:55,685 INFO: Column validation passed using hash comparison.
2025-08-11 19:16:55,685 INFO: [GOOD] wafer_28012020_051011_a6124fd0.csv
2025-08-11 19:16:55,686 INFO: [BAD] Wafer_12012020_111.csv: Invalid filename format
2025-08-11 19:16:55,702 INFO: [GOOD] wafer_23012020_041211_1d78b5f9.csv
2025-08-11 19:16:55,704 INFO: Processing file: Wafer_19012020_141432.csv
2025-08-11 19:16:55,704 WARNING: Invalid filename format: Wafer_19012020_141432.csv
2025-08-11 19:16:55,702 INFO: [BAD] Wafer_10012020_131534.csv: Invalid filename format
2025-08-11 19:16:55,703 INFO: Processing file: wafer_20012020_090818.csv
2025-08-11 19:16:55,707 INFO: File SHA256: f1d2f61c83b11721...
2025-08-11 19:16:55,706 INFO: [BAD] Wafer_19012020_141432.csv: Invalid filename format
2025-08-11 19:16:55,706 INFO: Processing file: wafer_27012020_080911.csv
2025-08-11 19:16:55,705 INFO: Processing file: Wafer_24012020_150121.csv
2025-08-11 19:16:55,708 INFO: Column validation passed using hash comparison.
2025-08-11 19:16:55,708 WARNING: Invalid filename format: Wafer_24012020_150121.csv
2025-08-11 19:16:55,708 INFO: Processing file: Wafer12_20012.csv
2025-08-11 19:16:55,709 INFO: File SHA256: ba78fb9374372dad...
2025-08-11 19:16:55,709 WARNING: Column 'Sensor-16' expects float, got 'abc'
2025-08-11 19:16:55,710 WARNING: Invalid filename format: Wafer12_20012.csv
2025-08-11 19:16:55,710 INFO: Column validation passed using hash comparison.
2025-08-11 19:16:55,711 INFO: [BAD] Wafer_24012020_150121.csv: Invalid filename format
2025-08-11 19:16:55,711 WARNING: Row 6 dtype validation failed: Column 'Sensor-16' expects float, got 'abc'
2025-08-11 19:16:55,724 INFO: [BAD] Wafer12_20012.csv: Invalid filename format
2025-08-11 19:16:55,724 INFO: Processing file: Wafer_18012020_121532.csv
2025-08-11 19:16:55,724 INFO: [BAD] wafer_20012020_090818.csv: Row 6: Column 'Sensor-16' expects float, got 'abc'
2025-08-11 19:16:55,725 INFO: Processing file: wafer_29012020_050617.csv
2025-08-11 19:16:55,725 WARNING: Invalid filename format: Wafer_18012020_121532.csv
2025-08-11 19:16:55,728 INFO: Processing file: wafer_22022020_041119.csv
2025-08-11 19:16:55,729 INFO: [BAD] Wafer_18012020_121532.csv: Invalid filename format
2025-08-11 19:16:55,731 INFO: File SHA256: 8b7ece090bae683a...
2025-08-11 19:16:55,731 INFO: File SHA256: 418c0260c3383dd7...
2025-08-11 19:16:55,732 INFO: Processing file: wafer_17012020_125434.csv
2025-08-11 19:16:55,734 INFO: Column validation passed using hash comparison.
2025-08-11 19:16:55,737 INFO: [GOOD] wafer_27012020_080911_ba78fb93.csv
2025-08-11 19:16:55,737 INFO: File SHA256: c6bc8191caaf5ecb...
2025-08-11 19:16:55,741 INFO: Processing file: Wafer_21012020_143634.csv
2025-08-11 19:16:55,744 WARNING: Invalid filename format: Wafer_21012020_143634.csv
2025-08-11 19:16:55,744 INFO: [BAD] Wafer_21012020_143634.csv: Invalid filename format
2025-08-11 19:16:55,744 INFO: Processing file: Wafer_fault_detection.csv
2025-08-11 19:16:55,744 WARNING: Invalid filename format: Wafer_fault_detection.csv
2025-08-11 19:16:55,745 INFO: [BAD] Wafer_fault_detection.csv: Invalid filename format
2025-08-11 19:16:55,745 INFO: Processing file: wafer_07012020_041011.csv
2025-08-11 19:16:55,741 INFO: Column validation passed using hash comparison.
2025-08-11 19:16:55,742 WARNING: Last column should be 'Output' or 'Good/Bad', got 'Sensor-590'
2025-08-11 19:16:55,748 WARNING: Column validation failed: Last column should be 'Output' or 'Good/Bad', got 'Sensor-590'
2025-08-11 19:16:55,749 INFO: [BAD] wafer_17012020_125434.csv: Last column should be 'Output' or 'Good/Bad', got 'Sensor-590'
2025-08-11 19:16:55,749 INFO: Processing file: wafer_28012020_090817.csv
2025-08-11 19:16:55,749 INFO: File SHA256: 57d4d4b20e3f9157...
2025-08-11 19:16:55,751 INFO: File SHA256: e1e13189cb272301...
2025-08-11 19:16:55,752 INFO: Column validation passed using hash comparison.
2025-08-11 19:16:55,757 INFO: Column validation passed using hash comparison.
2025-08-11 19:16:55,828 INFO: [GOOD] wafer_29012020_050617_8b7ece09.csv
2025-08-11 19:16:55,829 INFO: Processing file: wafer_29012020_060756.csv
2025-08-11 19:16:55,830 INFO: [GOOD] wafer_07012020_041011_e1e13189.csv
2025-08-11 19:16:55,834 INFO: [GOOD] wafer_28012020_090817_57d4d4b2.csv
2025-08-11 19:16:55,835 INFO: Processing file: wafer_27012020_080912.csv
2025-08-11 19:16:55,837 INFO: Processing file: Wafer_08012020_120000.csv
2025-08-11 19:16:55,837 WARNING: Invalid filename format: Wafer_08012020_120000.csv
2025-08-11 19:16:55,837 INFO: [GOOD] wafer_22022020_041119_418c0260.csv
2025-08-11 19:16:55,838 INFO: Processing file: Wafer_11012020_151432.csv
2025-08-11 19:16:55,838 WARNING: Invalid filename format: Wafer_11012020_151432.csv
2025-08-11 19:16:55,839 INFO: File SHA256: 32c908c1196125a8...
2025-08-11 19:16:55,840 INFO: Column validation passed using hash comparison.
2025-08-11 19:16:55,840 INFO: [BAD] Wafer_08012020_120000.csv: Invalid filename format
2025-08-11 19:16:55,850 INFO: [BAD] Wafer_11012020_151432.csv: Invalid filename format
2025-08-11 19:16:55,850 INFO: Processing file: Wafer_25012020_142112.csv
2025-08-11 19:16:55,851 WARNING: Invalid filename format: Wafer_25012020_142112.csv
2025-08-11 19:16:55,854 INFO: [BAD] Wafer_25012020_142112.csv: Invalid filename format
2025-08-11 19:16:55,855 INFO: File SHA256: 74ecb99db989ca16...
2025-08-11 19:16:55,855 INFO: Processing file: Wafer_07012020_223345.csv
2025-08-11 19:16:55,855 INFO: Processing file: wafer_13012020_090817.csv
2025-08-11 19:16:55,859 WARNING: Columns do not match schema
2025-08-11 19:16:55,859 WARNING: Invalid filename format: Wafer_07012020_223345.csv
2025-08-11 19:16:55,860 WARNING: Column validation failed: Columns do not match schema
2025-08-11 19:16:55,860 INFO: [GOOD] wafer_29012020_060756_32c908c1.csv
2025-08-11 19:16:55,861 INFO: Processing file: Wafer_15012020_130532.csv
2025-08-11 19:16:55,862 INFO: [BAD] wafer_27012020_080912.csv: Columns do not match schema
2025-08-11 19:16:55,862 INFO: [BAD] Wafer_07012020_223345.csv: Invalid filename format
2025-08-11 19:16:55,862 WARNING: Invalid filename format: Wafer_15012020_130532.csv
2025-08-11 19:16:55,863 INFO: Processing file: wafer_28042020_031911.csv
2025-08-11 19:16:55,863 INFO: Processing file: wafer_16012020_051629.csv
2025-08-11 19:16:55,864 INFO: File SHA256: 685c90f461117301...
2025-08-11 19:16:55,865 INFO: Column validation passed using hash comparison.
2025-08-11 19:16:55,865 INFO: [BAD] Wafer_15012020_130532.csv: Invalid filename format
2025-08-11 19:16:55,880 INFO: File SHA256: b86db3f4308196a0...
2025-08-11 19:16:55,880 INFO: File SHA256: a54dc98c16a63418...
2025-08-11 19:16:55,880 INFO: Processing file: Wafer_14012020_113045.csv
2025-08-11 19:16:55,881 INFO: Column validation passed using hash comparison.
2025-08-11 19:16:55,882 INFO: Column validation passed using hash comparison.
2025-08-11 19:16:55,882 INFO: [GOOD] wafer_13012020_090817_685c90f4.csv
2025-08-11 19:16:55,882 WARNING: Invalid filename format: Wafer_14012020_113045.csv
2025-08-11 19:16:55,894 INFO: Processing file: Wafer_12012020_111213.csv
2025-08-11 19:16:55,894 WARNING: Invalid filename format: Wafer_12012020_111213.csv
2025-08-11 19:16:55,895 INFO: [BAD] Wafer_12012020_111213.csv: Invalid filename format
2025-08-11 19:16:55,895 INFO: Processing file: Wafer_15010_130532.csv
2025-08-11 19:16:55,895 WARNING: Invalid filename format: Wafer_15010_130532.csv
2025-08-11 19:16:55,911 INFO: [BAD] Wafer_15010_130532.csv: Invalid filename format
2025-08-11 19:16:55,923 INFO: [BAD] Wafer_14012020_113045.csv: Invalid filename format
2025-08-11 19:16:55,924 INFO: [GOOD] wafer_28042020_031911_a54dc98c.csv
2025-08-11 19:16:55,925 INFO: [GOOD] wafer_16012020_051629_b86db3f4.csv
2025-08-11 19:16:55,926 INFO: 
============================================================
Training Validation Summary:
Total files: 43
Valid files: 16 (37.2%)
Invalid files: 27 (62.8%)
Note: Missing value handling will occur during preprocessing stage
============================================================
2025-08-11 19:16:55,926 INFO: Rejection reasons:
2025-08-11 19:16:55,926 INFO:   Wafer_07012020_000000.csv: Invalid filename format
2025-08-11 19:16:55,926 INFO:   Wafer_text_130532.csv: Invalid filename format
2025-08-11 19:16:55,926 INFO:   Wafer_20012020_135132.csv: Invalid filename format
2025-08-11 19:16:55,926 INFO:   Waferdefault_15010_130532.csv: Invalid filename format
2025-08-11 19:16:55,926 INFO:   Wafer_22012020_173245.csv: Invalid filename format
2025-08-11 19:16:55,926 INFO:   Wafer_13012020_141000.csv: Invalid filename format
2025-08-11 19:16:55,926 INFO:   Wafer_23012020_163456.csv: Invalid filename format
2025-08-11 19:16:55,927 INFO:   wafer_16012020_134553.csv: Last column should be 'Output' or 'Good/Bad', got 'Sensor-590'
2025-08-11 19:16:55,927 INFO:   Wafer_12012020_111.csv: Invalid filename format
2025-08-11 19:16:55,927 INFO:   Wafer_10012020_131534.csv: Invalid filename format
2025-08-11 19:16:55,927 INFO:   Wafer_19012020_141432.csv: Invalid filename format
2025-08-11 19:16:55,927 INFO:   Wafer_24012020_150121.csv: Invalid filename format
2025-08-11 19:16:55,927 INFO:   Wafer12_20012.csv: Invalid filename format
2025-08-11 19:16:55,927 INFO:   wafer_20012020_090818.csv: Row 6: Column 'Sensor-16' expects float, got 'abc'
2025-08-11 19:16:55,927 INFO:   Wafer_18012020_121532.csv: Invalid filename format
2025-08-11 19:16:55,927 INFO:   Wafer_21012020_143634.csv: Invalid filename format
2025-08-11 19:16:55,928 INFO:   Wafer_fault_detection.csv: Invalid filename format
2025-08-11 19:16:55,928 INFO:   wafer_17012020_125434.csv: Last column should be 'Output' or 'Good/Bad', got 'Sensor-590'
2025-08-11 19:16:55,928 INFO:   Wafer_08012020_120000.csv: Invalid filename format
2025-08-11 19:16:55,928 INFO:   Wafer_11012020_151432.csv: Invalid filename format
2025-08-11 19:16:55,928 INFO:   Wafer_25012020_142112.csv: Invalid filename format
2025-08-11 19:16:55,928 INFO:   wafer_27012020_080912.csv: Columns do not match schema
2025-08-11 19:16:55,928 INFO:   Wafer_07012020_223345.csv: Invalid filename format
2025-08-11 19:16:55,928 INFO:   Wafer_15012020_130532.csv: Invalid filename format
2025-08-11 19:16:55,928 INFO:   Wafer_12012020_111213.csv: Invalid filename format
2025-08-11 19:16:55,928 INFO:   Wafer_15010_130532.csv: Invalid filename format
2025-08-11 19:16:55,928 INFO:   Wafer_14012020_113045.csv: Invalid filename format
2025-08-11 19:41:19,319 INFO: Validator initialized for mode: training
2025-08-11 19:41:19,320 INFO: Reading schema file...
2025-08-11 19:41:19,322 INFO: Schema loaded: 592 columns
2025-08-11 19:41:19,323 INFO: Setting up directories for validation...
2025-08-11 19:41:19,324 INFO: Removed existing directory: /workspaces/automated-semiconductor-fault-detection/data/training/good
2025-08-11 19:41:19,324 INFO: Created directory: /workspaces/automated-semiconductor-fault-detection/data/training/good
2025-08-11 19:41:19,325 INFO: Removed existing directory: /workspaces/automated-semiconductor-fault-detection/data/training/bad
2025-08-11 19:41:19,326 INFO: Created directory: /workspaces/automated-semiconductor-fault-detection/data/training/bad
2025-08-11 19:41:19,326 INFO: ============================================================
2025-08-11 19:41:19,326 INFO: === TRAINING Validation started at 2025-08-11 19:41:19 ===
2025-08-11 19:41:19,326 INFO: ============================================================
2025-08-11 19:41:19,326 INFO: Scanning input directory /workspaces/automated-semiconductor-fault-detection/data/training/input for CSV files...
2025-08-11 19:41:19,326 INFO: Found 43 CSV files to process
2025-08-11 19:41:19,327 INFO: Processing file: Wafer_07012020_000000.csv
2025-08-11 19:41:19,329 WARNING: Invalid filename format: Wafer_07012020_000000.csv
2025-08-11 19:41:19,329 INFO: [BAD] Wafer_07012020_000000.csv: Invalid filename format
2025-08-11 19:41:19,330 INFO: Processing file: Wafer_text_130532.csv
2025-08-11 19:41:19,330 WARNING: Invalid filename format: Wafer_text_130532.csv
2025-08-11 19:41:19,330 INFO: [BAD] Wafer_text_130532.csv: Invalid filename format
2025-08-11 19:41:19,332 INFO: Processing file: wafer_21012020_080913.csv
2025-08-11 19:41:19,332 INFO: Processing file: Wafer_20012020_135132.csv
2025-08-11 19:41:19,332 WARNING: Invalid filename format: Wafer_20012020_135132.csv
2025-08-11 19:41:19,332 INFO: [BAD] Wafer_20012020_135132.csv: Invalid filename format
2025-08-11 19:41:19,334 INFO: File SHA256: d1605198b5041901...
2025-08-11 19:41:19,335 INFO: Column validation passed using hash comparison.
2025-08-11 19:41:19,343 INFO: Processing file: wafer_23012020_011008.csv
2025-08-11 19:41:19,354 INFO: File SHA256: ad2f1ded6ecad58b...
2025-08-11 19:41:19,355 INFO: Column validation passed using hash comparison.
2025-08-11 19:41:19,343 INFO: Processing file: wafer_31012020_090811.csv
2025-08-11 19:41:19,356 INFO: Processing file: wafer_20012020_090819.csv
2025-08-11 19:41:19,356 INFO: File SHA256: e747459419f96d6c...
2025-08-11 19:41:19,378 INFO: Column validation passed using hash comparison.
2025-08-11 19:41:19,378 INFO: [GOOD] wafer_23012020_011008_ad2f1ded.csv
2025-08-11 19:41:19,382 INFO: Processing file: Waferdefault_15010_130532.csv
2025-08-11 19:41:19,382 WARNING: Invalid filename format: Waferdefault_15010_130532.csv
2025-08-11 19:41:19,383 INFO: [BAD] Waferdefault_15010_130532.csv: Invalid filename format
2025-08-11 19:41:19,380 INFO: [GOOD] wafer_21012020_080913_d1605198.csv
2025-08-11 19:41:19,381 INFO: File SHA256: e0a35d2e6b52b2ce...
2025-08-11 19:41:19,388 INFO: Processing file: wafer_20022020_090716.csv
2025-08-11 19:41:19,396 INFO: Processing file: Wafer_22012020_173245.csv
2025-08-11 19:41:19,396 WARNING: Invalid filename format: Wafer_22012020_173245.csv
2025-08-11 19:41:19,401 INFO: [BAD] Wafer_22012020_173245.csv: Invalid filename format
2025-08-11 19:41:19,402 INFO: Processing file: Wafer_13012020_141000.csv
2025-08-11 19:41:19,402 WARNING: Invalid filename format: Wafer_13012020_141000.csv
2025-08-11 19:41:19,401 INFO: Column validation passed using hash comparison.
2025-08-11 19:41:19,400 INFO: File SHA256: dd94e2657b6ccd31...
2025-08-11 19:41:19,408 INFO: [BAD] Wafer_13012020_141000.csv: Invalid filename format
2025-08-11 19:41:19,412 INFO: Processing file: wafer_16012020_134553.csv
2025-08-11 19:41:19,413 INFO: File SHA256: de0a888a8ee25bff...
2025-08-11 19:41:19,414 WARNING: Last column should be 'Output' or 'Good/Bad', got 'Sensor-590'
2025-08-11 19:41:19,414 INFO: Column validation passed using hash comparison.
2025-08-11 19:41:19,424 WARNING: Column validation failed: Last column should be 'Output' or 'Good/Bad', got 'Sensor-590'
2025-08-11 19:41:19,440 INFO: [BAD] wafer_16012020_134553.csv: Last column should be 'Output' or 'Good/Bad', got 'Sensor-590'
2025-08-11 19:41:19,448 INFO: Processing file: wafer_23012020_041211.csv
2025-08-11 19:41:19,448 INFO: [GOOD] wafer_20012020_090819_e0a35d2e.csv
2025-08-11 19:41:19,448 INFO: [GOOD] wafer_31012020_090811_e7474594.csv
2025-08-11 19:41:19,449 INFO: Processing file: wafer_28012020_051011.csv
2025-08-11 19:41:19,450 INFO: Processing file: Wafer_23012020_163456.csv
2025-08-11 19:41:19,450 WARNING: Invalid filename format: Wafer_23012020_163456.csv
2025-08-11 19:41:19,450 INFO: [GOOD] wafer_20022020_090716_dd94e265.csv
2025-08-11 19:41:19,451 INFO: Processing file: Wafer_12012020_111.csv
2025-08-11 19:41:19,451 WARNING: Invalid filename format: Wafer_12012020_111.csv
2025-08-11 19:41:19,452 INFO: [BAD] Wafer_23012020_163456.csv: Invalid filename format
2025-08-11 19:41:19,453 INFO: File SHA256: 1d78b5f96648b029...
2025-08-11 19:41:19,454 INFO: File SHA256: a6124fd085b75843...
2025-08-11 19:41:19,456 INFO: Column validation passed using hash comparison.
2025-08-11 19:41:19,456 INFO: [BAD] Wafer_12012020_111.csv: Invalid filename format
2025-08-11 19:41:19,456 INFO: Column validation passed using hash comparison.
2025-08-11 19:41:19,457 INFO: Processing file: Wafer_10012020_131534.csv
2025-08-11 19:41:19,472 WARNING: Invalid filename format: Wafer_10012020_131534.csv
2025-08-11 19:41:19,472 INFO: Processing file: wafer_20012020_090818.csv
2025-08-11 19:41:19,488 INFO: [GOOD] wafer_23012020_041211_1d78b5f9.csv
2025-08-11 19:41:19,489 INFO: [GOOD] wafer_28012020_051011_a6124fd0.csv
2025-08-11 19:41:19,489 INFO: File SHA256: f1d2f61c83b11721...
2025-08-11 19:41:19,489 INFO: [BAD] Wafer_10012020_131534.csv: Invalid filename format
2025-08-11 19:41:19,490 INFO: Processing file: Wafer_19012020_141432.csv
2025-08-11 19:41:19,491 INFO: Processing file: Wafer_24012020_150121.csv
2025-08-11 19:41:19,491 INFO: Processing file: wafer_27012020_080911.csv
2025-08-11 19:41:19,492 WARNING: Invalid filename format: Wafer_24012020_150121.csv
2025-08-11 19:41:19,492 WARNING: Invalid filename format: Wafer_19012020_141432.csv
2025-08-11 19:41:19,492 INFO: Column validation passed using hash comparison.
2025-08-11 19:41:19,494 WARNING: Column 'Sensor-16' expects float, got 'abc'
2025-08-11 19:41:19,494 WARNING: Row 6 dtype validation failed: Column 'Sensor-16' expects float, got 'abc'
2025-08-11 19:41:19,494 INFO: [BAD] Wafer_24012020_150121.csv: Invalid filename format
2025-08-11 19:41:19,495 INFO: Processing file: Wafer12_20012.csv
2025-08-11 19:41:19,495 INFO: [BAD] Wafer_19012020_141432.csv: Invalid filename format
2025-08-11 19:41:19,496 WARNING: Invalid filename format: Wafer12_20012.csv
2025-08-11 19:41:19,496 INFO: Processing file: Wafer_18012020_121532.csv
2025-08-11 19:41:19,496 INFO: [BAD] wafer_20012020_090818.csv: Row 6: Column 'Sensor-16' expects float, got 'abc'
2025-08-11 19:41:19,496 WARNING: Invalid filename format: Wafer_18012020_121532.csv
2025-08-11 19:41:19,497 INFO: File SHA256: ba78fb9374372dad...
2025-08-11 19:41:19,497 INFO: Processing file: wafer_29012020_050617.csv
2025-08-11 19:41:19,497 INFO: [BAD] Wafer12_20012.csv: Invalid filename format
2025-08-11 19:41:19,498 INFO: Column validation passed using hash comparison.
2025-08-11 19:41:19,499 INFO: Processing file: wafer_22022020_041119.csv
2025-08-11 19:41:19,499 INFO: [BAD] Wafer_18012020_121532.csv: Invalid filename format
2025-08-11 19:41:19,514 INFO: File SHA256: 8b7ece090bae683a...
2025-08-11 19:41:19,515 INFO: Processing file: wafer_17012020_125434.csv
2025-08-11 19:41:19,515 INFO: File SHA256: 418c0260c3383dd7...
2025-08-11 19:41:19,515 INFO: [GOOD] wafer_27012020_080911_ba78fb93.csv
2025-08-11 19:41:19,516 INFO: Column validation passed using hash comparison.
2025-08-11 19:41:19,516 INFO: Column validation passed using hash comparison.
2025-08-11 19:41:19,517 INFO: Processing file: Wafer_21012020_143634.csv
2025-08-11 19:41:19,532 WARNING: Invalid filename format: Wafer_21012020_143634.csv
2025-08-11 19:41:19,549 INFO: File SHA256: c6bc8191caaf5ecb...
2025-08-11 19:41:19,550 INFO: [GOOD] wafer_22022020_041119_418c0260.csv
2025-08-11 19:41:19,550 WARNING: Last column should be 'Output' or 'Good/Bad', got 'Sensor-590'
2025-08-11 19:41:19,551 INFO: [BAD] Wafer_21012020_143634.csv: Invalid filename format
2025-08-11 19:41:19,552 INFO: Processing file: Wafer_fault_detection.csv
2025-08-11 19:41:19,552 INFO: [GOOD] wafer_29012020_050617_8b7ece09.csv
2025-08-11 19:41:19,552 WARNING: Column validation failed: Last column should be 'Output' or 'Good/Bad', got 'Sensor-590'
2025-08-11 19:41:19,553 INFO: Processing file: wafer_28012020_090817.csv
2025-08-11 19:41:19,553 INFO: Processing file: wafer_07012020_041011.csv
2025-08-11 19:41:19,553 WARNING: Invalid filename format: Wafer_fault_detection.csv
2025-08-11 19:41:19,555 INFO: File SHA256: 57d4d4b20e3f9157...
2025-08-11 19:41:19,555 INFO: Column validation passed using hash comparison.
2025-08-11 19:41:19,570 INFO: [BAD] wafer_17012020_125434.csv: Last column should be 'Output' or 'Good/Bad', got 'Sensor-590'
2025-08-11 19:41:19,570 INFO: Processing file: wafer_29012020_060756.csv
2025-08-11 19:41:19,570 INFO: [BAD] Wafer_fault_detection.csv: Invalid filename format
2025-08-11 19:41:19,571 INFO: File SHA256: e1e13189cb272301...
2025-08-11 19:41:19,571 INFO: Processing file: wafer_27012020_080912.csv
2025-08-11 19:41:19,572 INFO: Column validation passed using hash comparison.
2025-08-11 19:41:19,573 INFO: [GOOD] wafer_28012020_090817_57d4d4b2.csv
2025-08-11 19:41:19,588 INFO: Processing file: Wafer_08012020_120000.csv
2025-08-11 19:41:19,589 WARNING: Invalid filename format: Wafer_08012020_120000.csv
2025-08-11 19:41:19,589 INFO: File SHA256: 32c908c1196125a8...
2025-08-11 19:41:19,590 INFO: Column validation passed using hash comparison.
2025-08-11 19:41:19,590 INFO: File SHA256: 74ecb99db989ca16...
2025-08-11 19:41:19,605 WARNING: Columns do not match schema
2025-08-11 19:41:19,605 WARNING: Column validation failed: Columns do not match schema
2025-08-11 19:41:19,606 INFO: [BAD] wafer_27012020_080912.csv: Columns do not match schema
2025-08-11 19:41:19,606 INFO: Processing file: Wafer_11012020_151432.csv
2025-08-11 19:41:19,606 WARNING: Invalid filename format: Wafer_11012020_151432.csv
2025-08-11 19:41:19,605 INFO: [BAD] Wafer_08012020_120000.csv: Invalid filename format
2025-08-11 19:41:19,607 INFO: Processing file: Wafer_25012020_142112.csv
2025-08-11 19:41:19,607 INFO: [GOOD] wafer_07012020_041011_e1e13189.csv
2025-08-11 19:41:19,607 WARNING: Invalid filename format: Wafer_25012020_142112.csv
2025-08-11 19:41:19,608 INFO: Processing file: Wafer_07012020_223345.csv
2025-08-11 19:41:19,608 WARNING: Invalid filename format: Wafer_07012020_223345.csv
2025-08-11 19:41:19,608 INFO: [BAD] Wafer_11012020_151432.csv: Invalid filename format
2025-08-11 19:41:19,609 INFO: Processing file: wafer_13012020_090817.csv
2025-08-11 19:41:19,608 INFO: [GOOD] wafer_29012020_060756_32c908c1.csv
2025-08-11 19:41:19,611 INFO: Processing file: Wafer_15012020_130532.csv
2025-08-11 19:41:19,611 WARNING: Invalid filename format: Wafer_15012020_130532.csv
2025-08-11 19:41:19,611 INFO: [BAD] Wafer_25012020_142112.csv: Invalid filename format
2025-08-11 19:41:19,612 INFO: Processing file: wafer_28042020_031911.csv
2025-08-11 19:41:19,612 INFO: [BAD] Wafer_07012020_223345.csv: Invalid filename format
2025-08-11 19:41:19,612 INFO: [BAD] Wafer_15012020_130532.csv: Invalid filename format
2025-08-11 19:41:19,613 INFO: Processing file: wafer_16012020_051629.csv
2025-08-11 19:41:19,614 INFO: File SHA256: b86db3f4308196a0...
2025-08-11 19:41:19,614 INFO: Column validation passed using hash comparison.
2025-08-11 19:41:19,629 INFO: File SHA256: 685c90f461117301...
2025-08-11 19:41:19,629 INFO: Column validation passed using hash comparison.
2025-08-11 19:41:19,645 INFO: Processing file: Wafer_14012020_113045.csv
2025-08-11 19:41:19,645 WARNING: Invalid filename format: Wafer_14012020_113045.csv
2025-08-11 19:41:19,646 INFO: [GOOD] wafer_13012020_090817_685c90f4.csv
2025-08-11 19:41:19,647 INFO: Processing file: Wafer_12012020_111213.csv
2025-08-11 19:41:19,647 WARNING: Invalid filename format: Wafer_12012020_111213.csv
2025-08-11 19:41:19,647 INFO: [GOOD] wafer_16012020_051629_b86db3f4.csv
2025-08-11 19:41:19,647 INFO: File SHA256: a54dc98c16a63418...
2025-08-11 19:41:19,648 INFO: Column validation passed using hash comparison.
2025-08-11 19:41:19,649 INFO: [BAD] Wafer_14012020_113045.csv: Invalid filename format
2025-08-11 19:41:19,649 INFO: Processing file: Wafer_15010_130532.csv
2025-08-11 19:41:19,664 WARNING: Invalid filename format: Wafer_15010_130532.csv
2025-08-11 19:41:19,665 INFO: [BAD] Wafer_12012020_111213.csv: Invalid filename format
2025-08-11 19:41:19,665 INFO: [GOOD] wafer_28042020_031911_a54dc98c.csv
2025-08-11 19:41:19,666 INFO: [BAD] Wafer_15010_130532.csv: Invalid filename format
2025-08-11 19:41:19,667 INFO: 
============================================================
Training Validation Summary:
Total files: 43
Valid files: 16 (37.2%)
Invalid files: 27 (62.8%)
Note: Missing value handling will occur during preprocessing stage
============================================================
2025-08-11 19:41:19,667 INFO: Rejection reasons:
2025-08-11 19:41:19,667 INFO:   Wafer_07012020_000000.csv: Invalid filename format
2025-08-11 19:41:19,667 INFO:   Wafer_text_130532.csv: Invalid filename format
2025-08-11 19:41:19,667 INFO:   Wafer_20012020_135132.csv: Invalid filename format
2025-08-11 19:41:19,667 INFO:   Waferdefault_15010_130532.csv: Invalid filename format
2025-08-11 19:41:19,667 INFO:   Wafer_22012020_173245.csv: Invalid filename format
2025-08-11 19:41:19,667 INFO:   Wafer_13012020_141000.csv: Invalid filename format
2025-08-11 19:41:19,667 INFO:   wafer_16012020_134553.csv: Last column should be 'Output' or 'Good/Bad', got 'Sensor-590'
2025-08-11 19:41:19,667 INFO:   Wafer_23012020_163456.csv: Invalid filename format
2025-08-11 19:41:19,667 INFO:   Wafer_12012020_111.csv: Invalid filename format
2025-08-11 19:41:19,668 INFO:   Wafer_10012020_131534.csv: Invalid filename format
2025-08-11 19:41:19,668 INFO:   Wafer_24012020_150121.csv: Invalid filename format
2025-08-11 19:41:19,668 INFO:   Wafer_19012020_141432.csv: Invalid filename format
2025-08-11 19:41:19,668 INFO:   wafer_20012020_090818.csv: Row 6: Column 'Sensor-16' expects float, got 'abc'
2025-08-11 19:41:19,668 INFO:   Wafer12_20012.csv: Invalid filename format
2025-08-11 19:41:19,668 INFO:   Wafer_18012020_121532.csv: Invalid filename format
2025-08-11 19:41:19,668 INFO:   Wafer_21012020_143634.csv: Invalid filename format
2025-08-11 19:41:19,668 INFO:   wafer_17012020_125434.csv: Last column should be 'Output' or 'Good/Bad', got 'Sensor-590'
2025-08-11 19:41:19,668 INFO:   Wafer_fault_detection.csv: Invalid filename format
2025-08-11 19:41:19,668 INFO:   Wafer_08012020_120000.csv: Invalid filename format
2025-08-11 19:41:19,668 INFO:   wafer_27012020_080912.csv: Columns do not match schema
2025-08-11 19:41:19,668 INFO:   Wafer_11012020_151432.csv: Invalid filename format
2025-08-11 19:41:19,668 INFO:   Wafer_25012020_142112.csv: Invalid filename format
2025-08-11 19:41:19,668 INFO:   Wafer_07012020_223345.csv: Invalid filename format
2025-08-11 19:41:19,668 INFO:   Wafer_15012020_130532.csv: Invalid filename format
2025-08-11 19:41:19,668 INFO:   Wafer_14012020_113045.csv: Invalid filename format
2025-08-11 19:41:19,668 INFO:   Wafer_12012020_111213.csv: Invalid filename format
2025-08-11 19:41:19,668 INFO:   Wafer_15010_130532.csv: Invalid filename format
2025-08-11 19:48:51,771 INFO: Validator initialized for mode: training
2025-08-11 19:48:51,771 INFO: Reading schema file...
2025-08-11 19:48:51,774 INFO: Schema loaded: 592 columns
2025-08-11 19:48:51,774 INFO: Setting up directories for validation...
2025-08-11 19:48:51,775 INFO: Removed existing directory: /workspaces/automated-semiconductor-fault-detection/data/training/good
2025-08-11 19:48:51,775 INFO: Created directory: /workspaces/automated-semiconductor-fault-detection/data/training/good
2025-08-11 19:48:51,779 INFO: Removed existing directory: /workspaces/automated-semiconductor-fault-detection/data/training/bad
2025-08-11 19:48:51,779 INFO: Created directory: /workspaces/automated-semiconductor-fault-detection/data/training/bad
2025-08-11 19:48:51,779 INFO: ============================================================
2025-08-11 19:48:51,779 INFO: === TRAINING Validation started at 2025-08-11 19:48:51 ===
2025-08-11 19:48:51,779 INFO: ============================================================
2025-08-11 19:48:51,779 INFO: Scanning input directory /workspaces/automated-semiconductor-fault-detection/data/training/input for CSV files...
2025-08-11 19:48:51,779 INFO: Found 43 CSV files to process
2025-08-11 19:48:51,781 INFO: Processing file: Wafer_07012020_000000.csv
2025-08-11 19:48:51,781 WARNING: Invalid filename format: Wafer_07012020_000000.csv
2025-08-11 19:48:51,781 INFO: [BAD] Wafer_07012020_000000.csv: Invalid filename format
2025-08-11 19:48:51,782 INFO: Processing file: Wafer_text_130532.csv
2025-08-11 19:48:51,782 INFO: Processing file: wafer_21012020_080913.csv
2025-08-11 19:48:51,784 INFO: File SHA256: d1605198b5041901...
2025-08-11 19:48:51,787 INFO: Column validation passed using hash comparison.
2025-08-11 19:48:51,783 WARNING: Invalid filename format: Wafer_text_130532.csv
2025-08-11 19:48:51,795 INFO: [BAD] Wafer_text_130532.csv: Invalid filename format
2025-08-11 19:48:51,783 INFO: Processing file: wafer_23012020_011008.csv
2025-08-11 19:48:51,782 INFO: Processing file: Wafer_20012020_135132.csv
2025-08-11 19:48:51,796 WARNING: Invalid filename format: Wafer_20012020_135132.csv
2025-08-11 19:48:51,796 INFO: [BAD] Wafer_20012020_135132.csv: Invalid filename format
2025-08-11 19:48:51,796 INFO: Processing file: wafer_31012020_090811.csv
2025-08-11 19:48:51,802 INFO: File SHA256: ad2f1ded6ecad58b...
2025-08-11 19:48:51,803 INFO: Processing file: wafer_20012020_090819.csv
2025-08-11 19:48:51,810 INFO: Column validation passed using hash comparison.
2025-08-11 19:48:51,820 INFO: [GOOD] wafer_21012020_080913_d1605198.csv
2025-08-11 19:48:51,838 INFO: Processing file: Waferdefault_15010_130532.csv
2025-08-11 19:48:51,839 WARNING: Invalid filename format: Waferdefault_15010_130532.csv
2025-08-11 19:48:51,839 INFO: [GOOD] wafer_23012020_011008_ad2f1ded.csv
2025-08-11 19:48:51,839 INFO: File SHA256: e747459419f96d6c...
2025-08-11 19:48:51,840 INFO: [BAD] Waferdefault_15010_130532.csv: Invalid filename format
2025-08-11 19:48:51,840 INFO: Column validation passed using hash comparison.
2025-08-11 19:48:51,841 INFO: Processing file: wafer_20022020_090716.csv
2025-08-11 19:48:51,842 INFO: Processing file: Wafer_22012020_173245.csv
2025-08-11 19:48:51,850 WARNING: Invalid filename format: Wafer_22012020_173245.csv
2025-08-11 19:48:51,851 INFO: [BAD] Wafer_22012020_173245.csv: Invalid filename format
2025-08-11 19:48:51,851 INFO: Processing file: Wafer_13012020_141000.csv
2025-08-11 19:48:51,851 WARNING: Invalid filename format: Wafer_13012020_141000.csv
2025-08-11 19:48:51,851 INFO: [BAD] Wafer_13012020_141000.csv: Invalid filename format
2025-08-11 19:48:51,851 INFO: Processing file: wafer_16012020_134553.csv
2025-08-11 19:48:51,852 INFO: File SHA256: de0a888a8ee25bff...
2025-08-11 19:48:51,853 WARNING: Last column should be 'Output' or 'Good/Bad', got 'Sensor-590'
2025-08-11 19:48:51,858 WARNING: Column validation failed: Last column should be 'Output' or 'Good/Bad', got 'Sensor-590'
2025-08-11 19:48:51,858 INFO: [BAD] wafer_16012020_134553.csv: Last column should be 'Output' or 'Good/Bad', got 'Sensor-590'
2025-08-11 19:48:51,858 INFO: Processing file: wafer_23012020_041211.csv
2025-08-11 19:48:51,859 INFO: File SHA256: 1d78b5f96648b029...
2025-08-11 19:48:51,853 INFO: File SHA256: e0a35d2e6b52b2ce...
2025-08-11 19:48:51,861 INFO: Column validation passed using hash comparison.
2025-08-11 19:48:51,853 INFO: File SHA256: dd94e2657b6ccd31...
2025-08-11 19:48:51,869 INFO: Column validation passed using hash comparison.
2025-08-11 19:48:51,874 INFO: Column validation passed using hash comparison.
2025-08-11 19:48:51,926 INFO: [GOOD] wafer_31012020_090811_e7474594.csv
2025-08-11 19:48:51,928 INFO: Processing file: wafer_28012020_051011.csv
2025-08-11 19:48:51,935 INFO: File SHA256: a6124fd085b75843...
2025-08-11 19:48:51,945 INFO: Column validation passed using hash comparison.
2025-08-11 19:48:51,985 INFO: [GOOD] wafer_20022020_090716_dd94e265.csv
2025-08-11 19:48:51,985 INFO: Processing file: Wafer_23012020_163456.csv
2025-08-11 19:48:51,985 WARNING: Invalid filename format: Wafer_23012020_163456.csv
2025-08-11 19:48:51,986 INFO: [BAD] Wafer_23012020_163456.csv: Invalid filename format
2025-08-11 19:48:51,986 INFO: Processing file: Wafer_12012020_111.csv
2025-08-11 19:48:51,986 WARNING: Invalid filename format: Wafer_12012020_111.csv
2025-08-11 19:48:51,987 INFO: [BAD] Wafer_12012020_111.csv: Invalid filename format
2025-08-11 19:48:51,988 INFO: Processing file: Wafer_10012020_131534.csv
2025-08-11 19:48:51,987 INFO: [GOOD] wafer_28012020_051011_a6124fd0.csv
2025-08-11 19:48:51,987 INFO: [GOOD] wafer_20012020_090819_e0a35d2e.csv
2025-08-11 19:48:51,987 INFO: [GOOD] wafer_23012020_041211_1d78b5f9.csv
2025-08-11 19:48:51,988 WARNING: Invalid filename format: Wafer_10012020_131534.csv
2025-08-11 19:48:51,991 INFO: [BAD] Wafer_10012020_131534.csv: Invalid filename format
2025-08-11 19:48:51,991 INFO: Processing file: Wafer_24012020_150121.csv
2025-08-11 19:48:51,991 WARNING: Invalid filename format: Wafer_24012020_150121.csv
2025-08-11 19:48:51,992 INFO: [BAD] Wafer_24012020_150121.csv: Invalid filename format
2025-08-11 19:48:51,992 INFO: Processing file: wafer_27012020_080911.csv
2025-08-11 19:48:51,992 INFO: File SHA256: ba78fb9374372dad...
2025-08-11 19:48:51,989 INFO: Processing file: wafer_20012020_090818.csv
2025-08-11 19:48:51,990 INFO: Processing file: Wafer_19012020_141432.csv
2025-08-11 19:48:51,994 WARNING: Invalid filename format: Wafer_19012020_141432.csv
2025-08-11 19:48:51,994 INFO: Processing file: Wafer12_20012.csv
2025-08-11 19:48:51,994 INFO: Column validation passed using hash comparison.
2025-08-11 19:48:51,995 WARNING: Invalid filename format: Wafer12_20012.csv
2025-08-11 19:48:52,006 INFO: [BAD] Wafer12_20012.csv: Invalid filename format
2025-08-11 19:48:52,006 INFO: Processing file: Wafer_18012020_121532.csv
2025-08-11 19:48:52,006 WARNING: Invalid filename format: Wafer_18012020_121532.csv
2025-08-11 19:48:52,007 INFO: [BAD] Wafer_18012020_121532.csv: Invalid filename format
2025-08-11 19:48:52,007 INFO: Processing file: wafer_29012020_050617.csv
2025-08-11 19:48:52,008 INFO: File SHA256: f1d2f61c83b11721...
2025-08-11 19:48:52,009 INFO: Column validation passed using hash comparison.
2025-08-11 19:48:52,005 INFO: [BAD] Wafer_19012020_141432.csv: Invalid filename format
2025-08-11 19:48:52,011 INFO: Processing file: wafer_22022020_041119.csv
2025-08-11 19:48:52,011 INFO: File SHA256: 418c0260c3383dd7...
2025-08-11 19:48:52,014 WARNING: Column 'Sensor-16' expects float, got 'abc'
2025-08-11 19:48:52,014 WARNING: Row 6 dtype validation failed: Column 'Sensor-16' expects float, got 'abc'
2025-08-11 19:48:52,015 INFO: [BAD] wafer_20012020_090818.csv: Row 6: Column 'Sensor-16' expects float, got 'abc'
2025-08-11 19:48:52,015 INFO: Processing file: wafer_17012020_125434.csv
2025-08-11 19:48:52,018 INFO: File SHA256: 8b7ece090bae683a...
2025-08-11 19:48:52,019 INFO: File SHA256: c6bc8191caaf5ecb...
2025-08-11 19:48:52,020 WARNING: Last column should be 'Output' or 'Good/Bad', got 'Sensor-590'
2025-08-11 19:48:52,020 WARNING: Column validation failed: Last column should be 'Output' or 'Good/Bad', got 'Sensor-590'
2025-08-11 19:48:52,020 INFO: [BAD] wafer_17012020_125434.csv: Last column should be 'Output' or 'Good/Bad', got 'Sensor-590'
2025-08-11 19:48:52,021 INFO: Column validation passed using hash comparison.
2025-08-11 19:48:52,043 INFO: Column validation passed using hash comparison.
2025-08-11 19:48:52,045 INFO: Processing file: Wafer_21012020_143634.csv
2025-08-11 19:48:52,046 WARNING: Invalid filename format: Wafer_21012020_143634.csv
2025-08-11 19:48:52,046 INFO: [BAD] Wafer_21012020_143634.csv: Invalid filename format
2025-08-11 19:48:52,046 INFO: Processing file: Wafer_fault_detection.csv
2025-08-11 19:48:52,046 WARNING: Invalid filename format: Wafer_fault_detection.csv
2025-08-11 19:48:52,047 INFO: [BAD] Wafer_fault_detection.csv: Invalid filename format
2025-08-11 19:48:52,047 INFO: Processing file: wafer_07012020_041011.csv
2025-08-11 19:48:52,048 INFO: [GOOD] wafer_22022020_041119_418c0260.csv
2025-08-11 19:48:52,049 INFO: Processing file: wafer_28012020_090817.csv
2025-08-11 19:48:52,053 INFO: File SHA256: 57d4d4b20e3f9157...
2025-08-11 19:48:52,054 INFO: Column validation passed using hash comparison.
2025-08-11 19:48:52,056 INFO: File SHA256: e1e13189cb272301...
2025-08-11 19:48:52,057 INFO: Column validation passed using hash comparison.
2025-08-11 19:48:52,075 INFO: [GOOD] wafer_27012020_080911_ba78fb93.csv
2025-08-11 19:48:52,077 INFO: Processing file: wafer_29012020_060756.csv
2025-08-11 19:48:52,085 INFO: File SHA256: 32c908c1196125a8...
2025-08-11 19:48:52,096 INFO: Column validation passed using hash comparison.
2025-08-11 19:48:52,185 INFO: [GOOD] wafer_29012020_050617_8b7ece09.csv
2025-08-11 19:48:52,187 INFO: Processing file: wafer_27012020_080912.csv
2025-08-11 19:48:52,188 INFO: [GOOD] wafer_07012020_041011_e1e13189.csv
2025-08-11 19:48:52,189 INFO: Processing file: Wafer_08012020_120000.csv
2025-08-11 19:48:52,190 WARNING: Invalid filename format: Wafer_08012020_120000.csv
2025-08-11 19:48:52,194 INFO: File SHA256: 74ecb99db989ca16...
2025-08-11 19:48:52,200 INFO: [BAD] Wafer_08012020_120000.csv: Invalid filename format
2025-08-11 19:48:52,200 INFO: Processing file: Wafer_11012020_151432.csv
2025-08-11 19:48:52,200 WARNING: Invalid filename format: Wafer_11012020_151432.csv
2025-08-11 19:48:52,200 INFO: [BAD] Wafer_11012020_151432.csv: Invalid filename format
2025-08-11 19:48:52,201 INFO: Processing file: Wafer_25012020_142112.csv
2025-08-11 19:48:52,201 WARNING: Invalid filename format: Wafer_25012020_142112.csv
2025-08-11 19:48:52,204 WARNING: Columns do not match schema
2025-08-11 19:48:52,204 WARNING: Column validation failed: Columns do not match schema
2025-08-11 19:48:52,205 INFO: [BAD] wafer_27012020_080912.csv: Columns do not match schema
2025-08-11 19:48:52,205 INFO: Processing file: Wafer_07012020_223345.csv
2025-08-11 19:48:52,205 WARNING: Invalid filename format: Wafer_07012020_223345.csv
2025-08-11 19:48:52,206 INFO: [BAD] Wafer_25012020_142112.csv: Invalid filename format
2025-08-11 19:48:52,206 INFO: Processing file: wafer_13012020_090817.csv
2025-08-11 19:48:52,207 INFO: File SHA256: 685c90f461117301...
2025-08-11 19:48:52,208 INFO: Column validation passed using hash comparison.
2025-08-11 19:48:52,212 INFO: [BAD] Wafer_07012020_223345.csv: Invalid filename format
2025-08-11 19:48:52,213 INFO: Processing file: Wafer_15012020_130532.csv
2025-08-11 19:48:52,213 WARNING: Invalid filename format: Wafer_15012020_130532.csv
2025-08-11 19:48:52,214 INFO: [GOOD] wafer_28012020_090817_57d4d4b2.csv
2025-08-11 19:48:52,216 INFO: Processing file: wafer_28042020_031911.csv
2025-08-11 19:48:52,224 INFO: File SHA256: a54dc98c16a63418...
2025-08-11 19:48:52,225 INFO: Column validation passed using hash comparison.
2025-08-11 19:48:52,218 INFO: [BAD] Wafer_15012020_130532.csv: Invalid filename format
2025-08-11 19:48:52,229 INFO: Processing file: wafer_16012020_051629.csv
2025-08-11 19:48:52,230 INFO: File SHA256: b86db3f4308196a0...
2025-08-11 19:48:52,230 INFO: Column validation passed using hash comparison.
2025-08-11 19:48:52,248 INFO: [GOOD] wafer_29012020_060756_32c908c1.csv
2025-08-11 19:48:52,249 INFO: Processing file: Wafer_14012020_113045.csv
2025-08-11 19:48:52,258 WARNING: Invalid filename format: Wafer_14012020_113045.csv
2025-08-11 19:48:52,259 INFO: [BAD] Wafer_14012020_113045.csv: Invalid filename format
2025-08-11 19:48:52,259 INFO: Processing file: Wafer_12012020_111213.csv
2025-08-11 19:48:52,259 WARNING: Invalid filename format: Wafer_12012020_111213.csv
2025-08-11 19:48:52,259 INFO: [BAD] Wafer_12012020_111213.csv: Invalid filename format
2025-08-11 19:48:52,260 INFO: Processing file: Wafer_15010_130532.csv
2025-08-11 19:48:52,265 WARNING: Invalid filename format: Wafer_15010_130532.csv
2025-08-11 19:48:52,266 INFO: [BAD] Wafer_15010_130532.csv: Invalid filename format
2025-08-11 19:48:52,331 INFO: [GOOD] wafer_13012020_090817_685c90f4.csv
2025-08-11 19:48:52,331 INFO: [GOOD] wafer_16012020_051629_b86db3f4.csv
2025-08-11 19:48:52,338 INFO: [GOOD] wafer_28042020_031911_a54dc98c.csv
2025-08-11 19:48:52,341 INFO: 
============================================================
Training Validation Summary:
Total files: 43
Valid files: 16 (37.2%)
Invalid files: 27 (62.8%)
Note: Missing value handling will occur during preprocessing stage
============================================================
2025-08-11 19:48:52,341 INFO: Rejection reasons:
2025-08-11 19:48:52,342 INFO:   Wafer_07012020_000000.csv: Invalid filename format
2025-08-11 19:48:52,342 INFO:   Wafer_text_130532.csv: Invalid filename format
2025-08-11 19:48:52,342 INFO:   Wafer_20012020_135132.csv: Invalid filename format
2025-08-11 19:48:52,342 INFO:   Waferdefault_15010_130532.csv: Invalid filename format
2025-08-11 19:48:52,342 INFO:   Wafer_22012020_173245.csv: Invalid filename format
2025-08-11 19:48:52,342 INFO:   Wafer_13012020_141000.csv: Invalid filename format
2025-08-11 19:48:52,342 INFO:   wafer_16012020_134553.csv: Last column should be 'Output' or 'Good/Bad', got 'Sensor-590'
2025-08-11 19:48:52,342 INFO:   Wafer_23012020_163456.csv: Invalid filename format
2025-08-11 19:48:52,342 INFO:   Wafer_12012020_111.csv: Invalid filename format
2025-08-11 19:48:52,342 INFO:   Wafer_10012020_131534.csv: Invalid filename format
2025-08-11 19:48:52,342 INFO:   Wafer_24012020_150121.csv: Invalid filename format
2025-08-11 19:48:52,342 INFO:   Wafer_19012020_141432.csv: Invalid filename format
2025-08-11 19:48:52,342 INFO:   Wafer12_20012.csv: Invalid filename format
2025-08-11 19:48:52,342 INFO:   Wafer_18012020_121532.csv: Invalid filename format
2025-08-11 19:48:52,342 INFO:   wafer_20012020_090818.csv: Row 6: Column 'Sensor-16' expects float, got 'abc'
2025-08-11 19:48:52,343 INFO:   wafer_17012020_125434.csv: Last column should be 'Output' or 'Good/Bad', got 'Sensor-590'
2025-08-11 19:48:52,343 INFO:   Wafer_21012020_143634.csv: Invalid filename format
2025-08-11 19:48:52,343 INFO:   Wafer_fault_detection.csv: Invalid filename format
2025-08-11 19:48:52,343 INFO:   Wafer_08012020_120000.csv: Invalid filename format
2025-08-11 19:48:52,343 INFO:   Wafer_11012020_151432.csv: Invalid filename format
2025-08-11 19:48:52,343 INFO:   wafer_27012020_080912.csv: Columns do not match schema
2025-08-11 19:48:52,343 INFO:   Wafer_25012020_142112.csv: Invalid filename format
2025-08-11 19:48:52,344 INFO:   Wafer_07012020_223345.csv: Invalid filename format
2025-08-11 19:48:52,344 INFO:   Wafer_15012020_130532.csv: Invalid filename format
2025-08-11 19:48:52,346 INFO:   Wafer_14012020_113045.csv: Invalid filename format
2025-08-11 19:48:52,346 INFO:   Wafer_12012020_111213.csv: Invalid filename format
2025-08-11 19:48:52,347 INFO:   Wafer_15010_130532.csv: Invalid filename format
2025-08-11 20:22:15,833 INFO: Validator initialized for mode: training
2025-08-11 20:22:15,833 INFO: Reading schema file...
2025-08-11 20:22:15,836 INFO: Schema loaded: 592 columns
2025-08-11 20:22:15,837 INFO: Setting up directories for validation...
2025-08-11 20:22:15,837 INFO: Removed existing directory: /workspaces/automated-semiconductor-fault-detection/data/training/good
2025-08-11 20:22:15,837 INFO: Created directory: /workspaces/automated-semiconductor-fault-detection/data/training/good
2025-08-11 20:22:15,837 INFO: Removed existing directory: /workspaces/automated-semiconductor-fault-detection/data/training/bad
2025-08-11 20:22:15,838 INFO: Created directory: /workspaces/automated-semiconductor-fault-detection/data/training/bad
2025-08-11 20:22:15,838 INFO: ============================================================
2025-08-11 20:22:15,838 INFO: === TRAINING Validation started at 2025-08-11 20:22:15 ===
2025-08-11 20:22:15,838 INFO: ============================================================
2025-08-11 20:22:15,838 INFO: Scanning input directory /workspaces/automated-semiconductor-fault-detection/data/training/input for CSV files...
2025-08-11 20:22:15,838 INFO: Found 43 CSV files to process
2025-08-11 20:22:15,838 INFO: Processing file: Wafer_07012020_000000.csv
2025-08-11 20:22:15,838 WARNING: Invalid filename format: Wafer_07012020_000000.csv
2025-08-11 20:22:15,839 INFO: [BAD] Wafer_07012020_000000.csv: Invalid filename format
2025-08-11 20:22:15,840 INFO: Processing file: Wafer_text_130532.csv
2025-08-11 20:22:15,840 WARNING: Invalid filename format: Wafer_text_130532.csv
2025-08-11 20:22:15,840 INFO: [BAD] Wafer_text_130532.csv: Invalid filename format
2025-08-11 20:22:15,840 INFO: Processing file: wafer_21012020_080913.csv
2025-08-11 20:22:15,841 INFO: Processing file: Wafer_20012020_135132.csv
2025-08-11 20:22:15,841 WARNING: Invalid filename format: Wafer_20012020_135132.csv
2025-08-11 20:22:15,842 INFO: [BAD] Wafer_20012020_135132.csv: Invalid filename format
2025-08-11 20:22:15,843 INFO: Processing file: wafer_23012020_011008.csv
2025-08-11 20:22:15,843 INFO: File SHA256: ad2f1ded6ecad58b...
2025-08-11 20:22:15,845 INFO: Column validation passed using hash comparison.
2025-08-11 20:22:15,844 INFO: Processing file: wafer_31012020_090811.csv
2025-08-11 20:22:15,848 INFO: File SHA256: e747459419f96d6c...
2025-08-11 20:22:15,848 INFO: Column validation passed using hash comparison.
2025-08-11 20:22:15,844 INFO: Processing file: wafer_20012020_090819.csv
2025-08-11 20:22:15,850 INFO: File SHA256: e0a35d2e6b52b2ce...
2025-08-11 20:22:15,844 INFO: File SHA256: d1605198b5041901...
2025-08-11 20:22:15,865 INFO: Column validation passed using hash comparison.
2025-08-11 20:22:15,866 INFO: Column validation passed using hash comparison.
2025-08-11 20:22:15,929 INFO: [GOOD] wafer_21012020_080913_d1605198.csv
2025-08-11 20:22:15,930 INFO: [GOOD] wafer_20012020_090819_e0a35d2e.csv
2025-08-11 20:22:15,931 INFO: [GOOD] wafer_23012020_011008_ad2f1ded.csv
2025-08-11 20:22:15,931 INFO: [GOOD] wafer_31012020_090811_e7474594.csv
2025-08-11 20:22:15,933 INFO: Processing file: Waferdefault_15010_130532.csv
2025-08-11 20:22:15,935 INFO: Processing file: wafer_20022020_090716.csv
2025-08-11 20:22:15,936 INFO: Processing file: Wafer_22012020_173245.csv
2025-08-11 20:22:15,937 INFO: Processing file: Wafer_13012020_141000.csv
2025-08-11 20:22:15,937 WARNING: Invalid filename format: Waferdefault_15010_130532.csv
2025-08-11 20:22:15,938 WARNING: Invalid filename format: Wafer_22012020_173245.csv
2025-08-11 20:22:15,938 WARNING: Invalid filename format: Wafer_13012020_141000.csv
2025-08-11 20:22:15,938 INFO: File SHA256: dd94e2657b6ccd31...
2025-08-11 20:22:15,939 INFO: Column validation passed using hash comparison.
2025-08-11 20:22:15,939 INFO: [BAD] Waferdefault_15010_130532.csv: Invalid filename format
2025-08-11 20:22:15,946 INFO: Processing file: wafer_16012020_134553.csv
2025-08-11 20:22:15,945 INFO: [BAD] Wafer_13012020_141000.csv: Invalid filename format
2025-08-11 20:22:15,944 INFO: [BAD] Wafer_22012020_173245.csv: Invalid filename format
2025-08-11 20:22:15,950 INFO: Processing file: wafer_23012020_041211.csv
2025-08-11 20:22:15,950 INFO: File SHA256: de0a888a8ee25bff...
2025-08-11 20:22:15,952 INFO: Processing file: wafer_28012020_051011.csv
2025-08-11 20:22:15,956 INFO: File SHA256: 1d78b5f96648b029...
2025-08-11 20:22:15,958 WARNING: Last column should be 'Output' or 'Good/Bad', got 'Sensor-590'
2025-08-11 20:22:15,959 WARNING: Column validation failed: Last column should be 'Output' or 'Good/Bad', got 'Sensor-590'
2025-08-11 20:22:15,959 INFO: [BAD] wafer_16012020_134553.csv: Last column should be 'Output' or 'Good/Bad', got 'Sensor-590'
2025-08-11 20:22:15,959 INFO: Processing file: Wafer_23012020_163456.csv
2025-08-11 20:22:15,959 WARNING: Invalid filename format: Wafer_23012020_163456.csv
2025-08-11 20:22:15,963 INFO: File SHA256: a6124fd085b75843...
2025-08-11 20:22:15,963 INFO: Column validation passed using hash comparison.
2025-08-11 20:22:15,968 INFO: [BAD] Wafer_23012020_163456.csv: Invalid filename format
2025-08-11 20:22:15,968 INFO: Processing file: Wafer_12012020_111.csv
2025-08-11 20:22:15,968 WARNING: Invalid filename format: Wafer_12012020_111.csv
2025-08-11 20:22:15,969 INFO: [BAD] Wafer_12012020_111.csv: Invalid filename format
2025-08-11 20:22:15,969 INFO: Processing file: Wafer_10012020_131534.csv
2025-08-11 20:22:15,969 WARNING: Invalid filename format: Wafer_10012020_131534.csv
2025-08-11 20:22:15,970 INFO: [BAD] Wafer_10012020_131534.csv: Invalid filename format
2025-08-11 20:22:15,972 INFO: [GOOD] wafer_20022020_090716_dd94e265.csv
2025-08-11 20:22:15,972 INFO: Column validation passed using hash comparison.
2025-08-11 20:22:15,973 INFO: Processing file: wafer_20012020_090818.csv
2025-08-11 20:22:15,974 INFO: File SHA256: f1d2f61c83b11721...
2025-08-11 20:22:15,973 INFO: Processing file: Wafer_19012020_141432.csv
2025-08-11 20:22:15,975 WARNING: Invalid filename format: Wafer_19012020_141432.csv
2025-08-11 20:22:15,982 INFO: [BAD] Wafer_19012020_141432.csv: Invalid filename format
2025-08-11 20:22:15,982 INFO: Processing file: Wafer_24012020_150121.csv
2025-08-11 20:22:15,982 WARNING: Invalid filename format: Wafer_24012020_150121.csv
2025-08-11 20:22:15,983 INFO: [BAD] Wafer_24012020_150121.csv: Invalid filename format
2025-08-11 20:22:15,983 INFO: Processing file: wafer_27012020_080911.csv
2025-08-11 20:22:15,983 INFO: File SHA256: ba78fb9374372dad...
2025-08-11 20:22:15,984 INFO: Column validation passed using hash comparison.
2025-08-11 20:22:15,985 WARNING: Column 'Sensor-16' expects float, got 'abc'
2025-08-11 20:22:15,986 WARNING: Row 6 dtype validation failed: Column 'Sensor-16' expects float, got 'abc'
2025-08-11 20:22:15,986 INFO: [BAD] wafer_20012020_090818.csv: Row 6: Column 'Sensor-16' expects float, got 'abc'
2025-08-11 20:22:15,986 INFO: Processing file: Wafer12_20012.csv
2025-08-11 20:22:15,986 WARNING: Invalid filename format: Wafer12_20012.csv
2025-08-11 20:22:15,993 INFO: Column validation passed using hash comparison.
2025-08-11 20:22:15,996 INFO: [BAD] Wafer12_20012.csv: Invalid filename format
2025-08-11 20:22:15,996 INFO: Processing file: Wafer_18012020_121532.csv
2025-08-11 20:22:15,996 WARNING: Invalid filename format: Wafer_18012020_121532.csv
2025-08-11 20:22:15,997 INFO: [BAD] Wafer_18012020_121532.csv: Invalid filename format
2025-08-11 20:22:15,997 INFO: Processing file: wafer_29012020_050617.csv
2025-08-11 20:22:16,004 INFO: File SHA256: 8b7ece090bae683a...
2025-08-11 20:22:16,005 INFO: Column validation passed using hash comparison.
2025-08-11 20:22:16,077 INFO: [GOOD] wafer_28012020_051011_a6124fd0.csv
2025-08-11 20:22:16,078 INFO: Processing file: wafer_22022020_041119.csv
2025-08-11 20:22:16,080 INFO: [GOOD] wafer_27012020_080911_ba78fb93.csv
2025-08-11 20:22:16,081 INFO: Processing file: wafer_17012020_125434.csv
2025-08-11 20:22:16,081 INFO: [GOOD] wafer_29012020_050617_8b7ece09.csv
2025-08-11 20:22:16,082 INFO: Processing file: Wafer_21012020_143634.csv
2025-08-11 20:22:16,083 WARNING: Invalid filename format: Wafer_21012020_143634.csv
2025-08-11 20:22:16,083 INFO: [GOOD] wafer_23012020_041211_1d78b5f9.csv
2025-08-11 20:22:16,084 INFO: Processing file: Wafer_fault_detection.csv
2025-08-11 20:22:16,084 WARNING: Invalid filename format: Wafer_fault_detection.csv
2025-08-11 20:22:16,085 INFO: [BAD] Wafer_21012020_143634.csv: Invalid filename format
2025-08-11 20:22:16,086 INFO: File SHA256: 418c0260c3383dd7...
2025-08-11 20:22:16,086 INFO: [BAD] Wafer_fault_detection.csv: Invalid filename format
2025-08-11 20:22:16,086 INFO: Processing file: wafer_07012020_041011.csv
2025-08-11 20:22:16,087 INFO: File SHA256: e1e13189cb272301...
2025-08-11 20:22:16,088 INFO: Column validation passed using hash comparison.
2025-08-11 20:22:16,088 INFO: Column validation passed using hash comparison.
2025-08-11 20:22:16,098 INFO: Processing file: wafer_28012020_090817.csv
2025-08-11 20:22:16,113 INFO: File SHA256: c6bc8191caaf5ecb...
2025-08-11 20:22:16,114 WARNING: Last column should be 'Output' or 'Good/Bad', got 'Sensor-590'
2025-08-11 20:22:16,117 WARNING: Column validation failed: Last column should be 'Output' or 'Good/Bad', got 'Sensor-590'
2025-08-11 20:22:16,118 INFO: [BAD] wafer_17012020_125434.csv: Last column should be 'Output' or 'Good/Bad', got 'Sensor-590'
2025-08-11 20:22:16,118 INFO: Processing file: wafer_29012020_060756.csv
2025-08-11 20:22:16,119 INFO: File SHA256: 32c908c1196125a8...
2025-08-11 20:22:16,120 INFO: Column validation passed using hash comparison.
2025-08-11 20:22:16,117 INFO: [GOOD] wafer_07012020_041011_e1e13189.csv
2025-08-11 20:22:16,117 INFO: File SHA256: 57d4d4b20e3f9157...
2025-08-11 20:22:16,148 INFO: Processing file: wafer_27012020_080912.csv
2025-08-11 20:22:16,149 INFO: Column validation passed using hash comparison.
2025-08-11 20:22:16,150 INFO: [GOOD] wafer_29012020_060756_32c908c1.csv
2025-08-11 20:22:16,150 INFO: [GOOD] wafer_22022020_041119_418c0260.csv
2025-08-11 20:22:16,165 INFO: Processing file: Wafer_08012020_120000.csv
2025-08-11 20:22:16,166 INFO: Processing file: Wafer_11012020_151432.csv
2025-08-11 20:22:16,167 WARNING: Invalid filename format: Wafer_11012020_151432.csv
2025-08-11 20:22:16,167 WARNING: Invalid filename format: Wafer_08012020_120000.csv
2025-08-11 20:22:16,168 INFO: File SHA256: 74ecb99db989ca16...
2025-08-11 20:22:16,168 INFO: [BAD] Wafer_08012020_120000.csv: Invalid filename format
2025-08-11 20:22:16,169 INFO: [GOOD] wafer_28012020_090817_57d4d4b2.csv
2025-08-11 20:22:16,169 WARNING: Columns do not match schema
2025-08-11 20:22:16,170 INFO: [BAD] Wafer_11012020_151432.csv: Invalid filename format
2025-08-11 20:22:16,170 INFO: Processing file: Wafer_25012020_142112.csv
2025-08-11 20:22:16,170 INFO: Processing file: Wafer_07012020_223345.csv
2025-08-11 20:22:16,171 WARNING: Invalid filename format: Wafer_07012020_223345.csv
2025-08-11 20:22:16,171 INFO: Processing file: wafer_13012020_090817.csv
2025-08-11 20:22:16,171 WARNING: Column validation failed: Columns do not match schema
2025-08-11 20:22:16,172 INFO: [BAD] Wafer_07012020_223345.csv: Invalid filename format
2025-08-11 20:22:16,173 INFO: Processing file: Wafer_15012020_130532.csv
2025-08-11 20:22:16,172 WARNING: Invalid filename format: Wafer_25012020_142112.csv
2025-08-11 20:22:16,173 INFO: [BAD] wafer_27012020_080912.csv: Columns do not match schema
2025-08-11 20:22:16,173 WARNING: Invalid filename format: Wafer_15012020_130532.csv
2025-08-11 20:22:16,173 INFO: File SHA256: 685c90f461117301...
2025-08-11 20:22:16,174 INFO: Processing file: wafer_28042020_031911.csv
2025-08-11 20:22:16,174 INFO: [BAD] Wafer_25012020_142112.csv: Invalid filename format
2025-08-11 20:22:16,175 INFO: Column validation passed using hash comparison.
2025-08-11 20:22:16,190 INFO: Processing file: wafer_16012020_051629.csv
2025-08-11 20:22:16,191 INFO: [BAD] Wafer_15012020_130532.csv: Invalid filename format
2025-08-11 20:22:16,191 INFO: [GOOD] wafer_13012020_090817_685c90f4.csv
2025-08-11 20:22:16,192 INFO: Processing file: Wafer_14012020_113045.csv
2025-08-11 20:22:16,192 INFO: Processing file: Wafer_12012020_111213.csv
2025-08-11 20:22:16,193 INFO: File SHA256: a54dc98c16a63418...
2025-08-11 20:22:16,193 WARNING: Invalid filename format: Wafer_14012020_113045.csv
2025-08-11 20:22:16,193 WARNING: Invalid filename format: Wafer_12012020_111213.csv
2025-08-11 20:22:16,195 INFO: File SHA256: b86db3f4308196a0...
2025-08-11 20:22:16,195 INFO: Column validation passed using hash comparison.
2025-08-11 20:22:16,195 INFO: [BAD] Wafer_14012020_113045.csv: Invalid filename format
2025-08-11 20:22:16,196 INFO: Column validation passed using hash comparison.
2025-08-11 20:22:16,210 INFO: [BAD] Wafer_12012020_111213.csv: Invalid filename format
2025-08-11 20:22:16,210 INFO: [GOOD] wafer_28042020_031911_a54dc98c.csv
2025-08-11 20:22:16,216 INFO: Processing file: Wafer_15010_130532.csv
2025-08-11 20:22:16,228 WARNING: Invalid filename format: Wafer_15010_130532.csv
2025-08-11 20:22:16,229 INFO: [BAD] Wafer_15010_130532.csv: Invalid filename format
2025-08-11 20:22:16,244 INFO: [GOOD] wafer_16012020_051629_b86db3f4.csv
2025-08-11 20:22:16,246 INFO: 
============================================================
Training Validation Summary:
Total files: 43
Valid files: 16 (37.2%)
Invalid files: 27 (62.8%)
Note: Missing value handling will occur during preprocessing stage
============================================================
2025-08-11 20:22:16,246 INFO: Rejection reasons:
2025-08-11 20:22:16,246 INFO:   Wafer_07012020_000000.csv: Invalid filename format
2025-08-11 20:22:16,246 INFO:   Wafer_text_130532.csv: Invalid filename format
2025-08-11 20:22:16,246 INFO:   Wafer_20012020_135132.csv: Invalid filename format
2025-08-11 20:22:16,246 INFO:   Waferdefault_15010_130532.csv: Invalid filename format
2025-08-11 20:22:16,246 INFO:   Wafer_22012020_173245.csv: Invalid filename format
2025-08-11 20:22:16,246 INFO:   Wafer_13012020_141000.csv: Invalid filename format
2025-08-11 20:22:16,246 INFO:   wafer_16012020_134553.csv: Last column should be 'Output' or 'Good/Bad', got 'Sensor-590'
2025-08-11 20:22:16,246 INFO:   Wafer_23012020_163456.csv: Invalid filename format
2025-08-11 20:22:16,246 INFO:   Wafer_12012020_111.csv: Invalid filename format
2025-08-11 20:22:16,246 INFO:   Wafer_10012020_131534.csv: Invalid filename format
2025-08-11 20:22:16,246 INFO:   Wafer_19012020_141432.csv: Invalid filename format
2025-08-11 20:22:16,246 INFO:   Wafer_24012020_150121.csv: Invalid filename format
2025-08-11 20:22:16,246 INFO:   wafer_20012020_090818.csv: Row 6: Column 'Sensor-16' expects float, got 'abc'
2025-08-11 20:22:16,246 INFO:   Wafer12_20012.csv: Invalid filename format
2025-08-11 20:22:16,246 INFO:   Wafer_18012020_121532.csv: Invalid filename format
2025-08-11 20:22:16,246 INFO:   Wafer_21012020_143634.csv: Invalid filename format
2025-08-11 20:22:16,246 INFO:   Wafer_fault_detection.csv: Invalid filename format
2025-08-11 20:22:16,246 INFO:   wafer_17012020_125434.csv: Last column should be 'Output' or 'Good/Bad', got 'Sensor-590'
2025-08-11 20:22:16,247 INFO:   Wafer_08012020_120000.csv: Invalid filename format
2025-08-11 20:22:16,247 INFO:   Wafer_11012020_151432.csv: Invalid filename format
2025-08-11 20:22:16,247 INFO:   Wafer_07012020_223345.csv: Invalid filename format
2025-08-11 20:22:16,247 INFO:   wafer_27012020_080912.csv: Columns do not match schema
2025-08-11 20:22:16,247 INFO:   Wafer_25012020_142112.csv: Invalid filename format
2025-08-11 20:22:16,247 INFO:   Wafer_15012020_130532.csv: Invalid filename format
2025-08-11 20:22:16,247 INFO:   Wafer_14012020_113045.csv: Invalid filename format
2025-08-11 20:22:16,247 INFO:   Wafer_12012020_111213.csv: Invalid filename format
2025-08-11 20:22:16,247 INFO:   Wafer_15010_130532.csv: Invalid filename format
